snap_date,id,scope,source,date,pos_prob,neg_prob,neu_prob,sent,news,pos_count,neg_count
2026-06-26,7337ffd8ca,ITC.NS,scanx.trade (via gnews-rss),2026-06-26,0.1121,0.0283,0.8596,0.0838,-1.0,0,4
2026-06-26,3cb5bf8741,SBIN.NS,Electronic Payments (via yfinance),2026-06-26,0.117,0.0091,0.8738,0.1079,0.0,0,0
2026-06-26,e5da056772,BHARTIARTL.NS,HDFC Sky (via gnews-rss),2026-06-26,0.0298,0.0197,0.9505,0.01,0.0,0,0
2026-06-26,d46ab0f9c1,LT.NS,Business Standard (via gnews-rss),2026-06-26,0.0257,0.0334,0.941,-0.0077,-1.0,0,2
2026-06-26,f2b5fba492,MARUTI.NS,Moneycontrol.com (via gnews-rss),2026-06-26,0.0179,0.2199,0.7622,-0.202,-1.0,0,2
2026-06-26,db21e28383,ULTRACEMCO.NS,TradingView (via gnews-rss),2026-06-26,0.028,0.0213,0.9506,0.0067,-1.0,0,2
2026-06-26,7f59b9de16,ONGC.NS,Offshore Technology (via yfinance),2026-06-26,0.6029,0.0116,0.3856,0.5913,0.0,0,0
2026-06-26,ec100c13b8,NTPC.NS,Business Today (via gnews-rss),2026-06-26,0.0429,0.0185,0.9386,0.0245,0.0,0,0
2026-06-26,16b6ede95d,TATASTEEL.NS,Upstox (via gnews-rss),2026-06-26,0.0328,0.0183,0.9489,0.0145,0.0,0,0
2026-06-26,c3ceb81295,ADANIENT.NS,Upstox (via gnews-rss),2026-06-26,0.0306,0.0176,0.9518,0.013,0.0,0,0
2026-06-26,560a9f3395,BAJAJFINSV.NS,TradingView (via gnews-rss),2026-06-26,0.0315,0.0183,0.9502,0.0132,-1.0,0,2
2026-06-26,831015a9ab,EICHERMOT.NS,Business Today (via gnews-rss),2026-06-26,0.054,0.0175,0.9285,0.0366,-1.0,0,4
2026-06-26,9b98438538,HEROMOTOCO.NS,TradingView (via gnews-rss),2026-06-26,0.0303,0.0186,0.9511,0.0117,-1.0,0,2
2026-06-26,e1311f1949,INDUSINDBK.NS,TradingView (via gnews-rss),2026-06-26,0.0232,0.0244,0.9524,-0.0012,0.0,0,0
2026-06-26,79b35cf2dd,SHRIRAMFIN.NS,Smartkarma (via gnews-rss),2026-06-26,0.0234,0.0214,0.9553,0.002,0.0,0,0
2026-06-26,d8fa85623a,TCS.NS,scanx.trade (via gnews-rss),2026-06-25,0.0252,0.0268,0.948,-0.0016,0.0,0,0
2026-06-26,ecf614c65a,HDFCBANK.NS,Upstox (via gnews-rss),2026-06-25,0.0322,0.0173,0.9505,0.0149,0.0,0,0
2026-06-26,6b1f9a8f3f,HDFCBANK.NS,Moneycontrol.com (via gnews-rss),2026-06-25,0.0353,0.0163,0.9484,0.0189,0.0,0,0
2026-06-26,34e83204f0,HINDUNILVR.NS,TradingView (via gnews-rss),2026-06-25,0.0263,0.0204,0.9534,0.0059,-1.0,0,2
2026-06-26,e2042e4eb3,HINDUNILVR.NS,Business Today (via gnews-rss),2026-06-25,0.0337,0.0199,0.9464,0.0138,0.0,0,0
2026-06-26,8da9f05f58,HINDUNILVR.NS,Deccan Herald (via gnews-rss),2026-06-25,0.8952,0.0284,0.0764,0.8668,1.0,2,0
2026-06-26,3dc43577f9,ITC.NS,Upstox (via gnews-rss),2026-06-25,0.0301,0.0173,0.9526,0.0127,-1.0,0,2
2026-06-26,13cfdf1af0,SBIN.NS,decrypt (via yfinance),2026-06-25,0.9113,0.0104,0.0783,0.9009,0.0,0,0
2026-06-26,52de060dae,SBIN.NS,24/7 Wall St. (via yfinance),2026-06-25,0.0456,0.0288,0.9257,0.0168,-1.0,0,1
2026-06-26,794faed86f,SBIN.NS,Upstox (via gnews-rss),2026-06-25,0.0379,0.0161,0.946,0.0218,0.0,0,0
2026-06-26,989685e994,BHARTIARTL.NS,TradingView (via gnews-rss),2026-06-25,0.0299,0.0195,0.9506,0.0105,-1.0,0,2
2026-06-26,577c325316,LT.NS,Upstox (via gnews-rss),2026-06-25,0.0814,0.0105,0.9081,0.071,0.0,0,0
2026-06-26,382a51b0bd,AXISBANK.NS,Upstox (via gnews-rss),2026-06-25,0.0356,0.0154,0.949,0.0202,-1.0,0,2
2026-06-26,68f53f2e1b,AXISBANK.NS,scanx.trade (via gnews-rss),2026-06-25,0.0329,0.0301,0.937,0.0028,0.0,0,0
2026-06-26,2c5b9a260c,BAJFINANCE.NS,Moneymunch (via gnews-rss),2026-06-25,0.2024,0.0131,0.7845,0.1893,0.0,0,0
2026-06-26,582d59e0c8,BAJFINANCE.NS,TradingView (via gnews-rss),2026-06-25,0.0471,0.0182,0.9348,0.0289,0.0,0,0
2026-06-26,2cc27c541d,ASIANPAINT.NS,TradingView (via gnews-rss),2026-06-25,0.0257,0.0192,0.9552,0.0065,0.0,0,0
2026-06-26,905c7caf00,ASIANPAINT.NS,Upstox (via gnews-rss),2026-06-25,0.0374,0.0202,0.9424,0.0172,0.0,0,0
2026-06-26,9fcadbb9c6,HCLTECH.NS,CIO Dive (via yfinance),2026-06-25,0.4443,0.0167,0.539,0.4276,0.0,0,0
2026-06-26,41147ab513,SUNPHARMA.NS,TradingView (via gnews-rss),2026-06-25,0.0286,0.0214,0.9499,0.0072,-1.0,0,2
2026-06-26,4236998279,SUNPHARMA.NS,TradingView (via gnews-rss),2026-06-25,0.0482,0.0168,0.9349,0.0314,0.0,0,0
2026-06-26,3a8d2ac82f,ULTRACEMCO.NS,The Hindu (via gnews-rss),2026-06-25,0.0351,0.8841,0.0808,-0.849,0.0,2,2
2026-06-26,88429a3d54,ULTRACEMCO.NS,The Economic Times (via gnews-rss),2026-06-25,0.2608,0.0203,0.7189,0.2404,0.0,0,0
2026-06-26,b2f08a8e48,ONGC.NS,Investing.com India (via gnews-rss),2026-06-25,0.9375,0.0216,0.0409,0.9159,0.0,0,0
2026-06-26,e55fa7a641,POWERGRID.NS,Upstox (via gnews-rss),2026-06-25,0.0272,0.0186,0.9542,0.0086,0.0,0,0
2026-06-26,338a6b3a4d,POWERGRID.NS,Investing.com India (via gnews-rss),2026-06-25,0.9411,0.0237,0.0353,0.9174,0.0,0,0
2026-06-26,3f068ede12,M&M.NS,TradingView (via gnews-rss),2026-06-25,0.0258,0.0247,0.9495,0.0012,0.0,0,0
2026-06-26,82712ec4a7,TATAMOTORS.NS,Upstox (via gnews-rss),2026-06-25,0.0313,0.0176,0.9511,0.0137,-1.0,0,2
2026-06-26,105d0ecd7b,TATAMOTORS.NS,Business Standard (via gnews-rss),2026-06-25,0.9388,0.0245,0.0367,0.9143,0.0,0,0
2026-06-26,d5b05f0e1b,JSWSTEEL.NS,Upstox (via gnews-rss),2026-06-25,0.0317,0.0177,0.9506,0.014,-1.0,0,2
2026-06-26,69e93e68d6,ADANIPORTS.NS,TradingView (via gnews-rss),2026-06-25,0.0294,0.0202,0.9504,0.0092,0.0,0,0
2026-06-26,af658149f9,GRASIM.NS,TradingView (via gnews-rss),2026-06-25,0.0481,0.0181,0.9338,0.0301,0.0,0,0
2026-06-26,ca2664a99e,HINDALCO.NS,Investing.com (via gnews-rss),2026-06-25,0.9262,0.0238,0.05,0.9023,0.0,0,0
2026-06-26,1fdfc83584,HINDALCO.NS,HDFC Sky (via gnews-rss),2026-06-25,0.0353,0.8924,0.0723,-0.8571,1.0,2,0
2026-06-26,3b142993f3,DRREDDY.NS,Business Standard (via gnews-rss),2026-06-25,0.9329,0.0299,0.0371,0.903,0.0,0,0
2026-06-26,de19e7751a,BRITANNIA.NS,Upstox (via gnews-rss),2026-06-25,0.0317,0.0178,0.9506,0.0139,0.0,0,0
2026-06-26,1b87972ab9,BRITANNIA.NS,The Economic Times (via gnews-rss),2026-06-25,0.1204,0.0163,0.8633,0.1041,0.0,0,0
2026-06-26,d64b444e94,BRITANNIA.NS,Business Standard (via gnews-rss),2026-06-25,0.9213,0.0181,0.0606,0.9033,1.0,2,0
2026-06-26,cc9ae44c42,HEROMOTOCO.NS,HDFC Sky (via gnews-rss),2026-06-25,0.9162,0.0386,0.0452,0.8775,-1.0,0,2
2026-06-26,01937e72ef,HEROMOTOCO.NS,Moneycontrol.com (via gnews-rss),2026-06-25,0.9337,0.0186,0.0477,0.9151,0.0,2,2
2026-06-26,c7dadb2812,HEROMOTOCO.NS,Upstox (via gnews-rss),2026-06-25,0.0075,0.9561,0.0363,-0.9486,0.0,0,0
2026-06-26,2527348798,BAJAJ-AUTO.NS,Upstox (via gnews-rss),2026-06-25,0.0318,0.0161,0.9521,0.0157,-1.0,0,2
2026-06-26,a595ef6ce6,DIVISLAB.NS,TradingView (via gnews-rss),2026-06-25,0.0288,0.0205,0.9507,0.0083,-1.0,0,2
2026-06-26,5124b2d66c,INDUSINDBK.NS,TradingView (via gnews-rss),2026-06-25,0.0358,0.0214,0.9428,0.0145,0.0,0,0
2026-06-26,eac7b92592,APOLLOHOSP.NS,TradingView (via gnews-rss),2026-06-25,0.0303,0.0202,0.9495,0.01,-1.0,0,2
2026-06-26,b31460b435,TATACONSUM.NS,TradingView (via gnews-rss),2026-06-25,0.0426,0.0186,0.9388,0.024,0.0,0,0
2026-06-26,19ae4f0a38,HDFCLIFE.NS,scanx.trade (via gnews-rss),2026-06-25,0.0369,0.015,0.9481,0.0219,0.0,0,0
2026-06-26,74a956bc11,LTIM.NS,The Economic Times (via gnews-rss),2026-06-25,0.0632,0.0209,0.9159,0.0423,0.0,0,0
2026-06-26,5ee743889a,SHRIRAMFIN.NS,TradingView (via gnews-rss),2026-06-25,0.0284,0.0204,0.9511,0.008,-1.0,0,2
2026-06-26,6889ad06a0,SHRIRAMFIN.NS,Business Standard (via gnews-rss),2026-06-25,0.9312,0.0201,0.0487,0.9111,0.0,0,0
2026-06-26,e5823b252d,BPCL.NS,scanx.trade (via gnews-rss),2026-06-25,0.0204,0.2166,0.7629,-0.1962,-1.0,0,2
2026-06-26,8561751b51,MACRO,Business Standard (via gnews-rss),2026-06-25,0.9252,0.0182,0.0567,0.907,0.0,0,0
2026-06-26,cbd9097f74,TCS.NS,scanx.trade (via gnews-rss),2026-06-24,0.0259,0.0225,0.9516,0.0034,0.0,0,0
2026-06-26,c63c1202c1,HDFCBANK.NS,MT Newswires (via yfinance),2026-06-24,0.9384,0.0356,0.026,0.9027,0.0,0,0
2026-06-26,8ceb14d085,HDFCBANK.NS,Business Standard (via gnews-rss),2026-06-24,0.8382,0.0189,0.1429,0.8192,1.0,2,0
2026-06-26,b338d9c3ab,INFY.NS,TechCrunch (via yfinance),2026-06-24,0.3512,0.0085,0.6402,0.3427,-1.0,0,1
2026-06-26,4078628c97,INFY.NS,Insider Monkey (via yfinance),2026-06-24,0.8592,0.0083,0.1326,0.8509,0.0,3,3
2026-06-26,b1ce722ae7,INFY.NS,Zacks (via yfinance),2026-06-24,0.1609,0.0158,0.8233,0.145,1.0,1,0
2026-06-26,4b1eb0295c,INFY.NS,Upstox (via gnews-rss),2026-06-24,0.8962,0.0193,0.0845,0.8769,0.0,0,0
2026-06-26,9039dd6a98,ICICIBANK.NS,Upstox (via gnews-rss),2026-06-24,0.0304,0.0181,0.9515,0.0122,0.0,0,0
2026-06-26,209c5288a9,ICICIBANK.NS,BFSI News (via gnews-rss),2026-06-24,0.3572,0.0097,0.6331,0.3474,0.0,0,0
2026-06-26,c8d70af103,ICICIBANK.NS,Mint (via gnews-rss),2026-06-24,0.0544,0.0145,0.9312,0.0399,0.0,0,0
2026-06-26,7189489a49,ITC.NS,Upstox (via gnews-rss),2026-06-24,0.0297,0.0169,0.9534,0.0129,-1.0,0,2
2026-06-26,32f4f63d5e,BHARTIARTL.NS,Moneycontrol.com (via gnews-rss),2026-06-24,0.0283,0.0243,0.9474,0.004,0.0,0,0
2026-06-26,2d1eba99e4,BHARTIARTL.NS,CNBC TV18 (via gnews-rss),2026-06-24,0.0409,0.0183,0.9408,0.0225,0.0,0,0
2026-06-26,80f1666479,KOTAKBANK.NS,Rediff (via gnews-rss),2026-06-24,0.5274,0.154,0.3186,0.3733,1.0,2,0
2026-06-26,aac7094e2e,KOTAKBANK.NS,Telegraph India (via gnews-rss),2026-06-24,0.9392,0.0229,0.0379,0.9163,0.0,0,0
2026-06-26,affc55991c,KOTAKBANK.NS,Business Today (via gnews-rss),2026-06-24,0.0442,0.0151,0.9407,0.0291,0.0,0,0
2026-06-26,5fa3cbd694,AXISBANK.NS,Business Standard (via gnews-rss),2026-06-24,0.9304,0.0152,0.0544,0.9152,0.0,0,0
2026-06-26,c5ead0e68d,AXISBANK.NS,Moneycontrol.com (via gnews-rss),2026-06-24,0.0778,0.0129,0.9093,0.0648,1.0,4,0
2026-06-26,4c513c9c6f,BAJFINANCE.NS,scanx.trade (via gnews-rss),2026-06-24,0.0287,0.0175,0.9538,0.0111,0.0,0,0
2026-06-26,8634783cbb,ASIANPAINT.NS,The Economic Times (via gnews-rss),2026-06-24,0.0354,0.0224,0.9422,0.0131,0.0,0,0
2026-06-26,cb985dca26,HCLTECH.NS,Upstox (via gnews-rss),2026-06-24,0.0285,0.0186,0.9529,0.0099,0.0,0,0
2026-06-26,191ed004ae,SUNPHARMA.NS,Upstox (via gnews-rss),2026-06-24,0.0296,0.0179,0.9525,0.0116,0.0,0,0
2026-06-26,d07f5fdb8c,TITAN.NS,scanx.trade (via gnews-rss),2026-06-24,0.0865,0.0117,0.9018,0.0748,0.0,0,0
2026-06-26,bb30008ba1,WIPRO.NS,The Fly (via yfinance),2026-06-24,0.0571,0.0159,0.927,0.0412,0.0,0,0
2026-06-26,2d83c086ec,WIPRO.NS,Business Standard (via gnews-rss),2026-06-24,0.0109,0.9683,0.0208,-0.9575,0.0,0,0
2026-06-26,28c30678dd,NESTLEIND.NS,The Economic Times (via gnews-rss),2026-06-24,0.0259,0.0226,0.9515,0.0033,0.0,0,0
2026-06-26,2a477ea80e,NTPC.NS,Investing.com UK (via gnews-rss),2026-06-24,0.9423,0.0226,0.0351,0.9197,0.0,0,0
2026-06-26,9f79f931e1,NTPC.NS,The Hindu (via gnews-rss),2026-06-24,0.9065,0.0354,0.0581,0.8711,1.0,2,0
2026-06-26,9c8bec63d9,NTPC.NS,Upstox (via gnews-rss),2026-06-24,0.1081,0.0124,0.8795,0.0957,1.0,2,0
2026-06-26,18f9b4f307,POWERGRID.NS,Upstox (via gnews-rss),2026-06-24,0.9106,0.044,0.0454,0.8665,0.0,0,0
2026-06-26,8927d00d3f,TATAMOTORS.NS,HDFC Sky (via gnews-rss),2026-06-24,0.9098,0.02,0.0703,0.8898,0.0,0,0
2026-06-26,da8feac260,TATAMOTORS.NS,Business Today (via gnews-rss),2026-06-24,0.0462,0.0172,0.9366,0.0291,0.0,0,0
2026-06-26,fd5f1167d6,TATASTEEL.NS,scanx.trade (via gnews-rss),2026-06-24,0.063,0.0119,0.9252,0.0511,0.0,0,0
2026-06-26,d9fac04f5c,TATASTEEL.NS,The Hindu (via gnews-rss),2026-06-24,0.8848,0.0797,0.0355,0.8051,1.0,2,0
2026-06-26,183788192c,TATASTEEL.NS,The Times of India (via gnews-rss),2026-06-24,0.0222,0.2038,0.7739,-0.1816,0.0,0,0
2026-06-26,5b2c48b83a,ADANIENT.NS,Upstox (via gnews-rss),2026-06-24,0.8454,0.0393,0.1153,0.8062,0.0,0,0
2026-06-26,aa066501a9,ADANIENT.NS,India IPO (via gnews-rss),2026-06-24,0.9345,0.0132,0.0522,0.9213,0.0,0,0
2026-06-26,3990f405bd,ADANIENT.NS,NDTV Profit (via gnews-rss),2026-06-24,0.9446,0.0218,0.0336,0.9228,1.0,2,0
2026-06-26,21de7ccd0e,ADANIENT.NS,Investing.com India (via gnews-rss),2026-06-24,0.9362,0.0215,0.0422,0.9147,0.0,0,0
2026-06-26,6935c95e55,ADANIPORTS.NS,scanx.trade (via gnews-rss),2026-06-24,0.0245,0.0254,0.9501,-0.0009,0.0,0,0
2026-06-26,0d4f9e3455,COALINDIA.NS,Upstox (via gnews-rss),2026-06-24,0.0322,0.0184,0.9494,0.0138,0.0,0,0
2026-06-26,75d1c972ff,COALINDIA.NS,Business Standard (via gnews-rss),2026-06-24,0.8731,0.0616,0.0653,0.8116,-1.0,0,2
2026-06-26,504e35d1bb,GRASIM.NS,BusinessLine (via gnews-rss),2026-06-24,0.0293,0.0209,0.9498,0.0084,0.0,0,0
2026-06-26,6074b35ac6,GRASIM.NS,Upstox (via gnews-rss),2026-06-24,0.0295,0.0173,0.9532,0.0123,-1.0,0,2
2026-06-26,1775701e94,DRREDDY.NS,MSN (via gnews-rss),2026-06-24,0.0373,0.0179,0.9447,0.0194,0.0,0,0
2026-06-26,44dd4f6ebb,CIPLA.NS,Upstox (via gnews-rss),2026-06-24,0.0297,0.0183,0.9521,0.0114,0.0,0,0
2026-06-26,3e6e696c7a,HEROMOTOCO.NS,scanx.trade (via gnews-rss),2026-06-24,0.0826,0.0116,0.9059,0.071,0.0,0,0
2026-06-26,19dbae8f99,BAJAJ-AUTO.NS,Business Standard (via gnews-rss),2026-06-24,0.0582,0.5591,0.3827,-0.5009,0.0,0,0
2026-06-26,426dbab6d4,BAJAJ-AUTO.NS,Mint (via gnews-rss),2026-06-24,0.012,0.8786,0.1095,-0.8666,-1.0,0,2
2026-06-26,8e1d1c08bd,DIVISLAB.NS,Goodreturns (via gnews-rss),2026-06-24,0.6031,0.0157,0.3812,0.5874,0.0,0,0
2026-06-26,1d7b505ec6,DIVISLAB.NS,MSN (via gnews-rss),2026-06-24,0.2762,0.0126,0.7112,0.2636,0.0,0,0
2026-06-26,2bbf8d08a2,TECHM.NS,Upstox (via gnews-rss),2026-06-24,0.8853,0.0314,0.0833,0.8539,0.0,0,0
2026-06-26,b3dc1b535b,INDUSINDBK.NS,scanx.trade (via gnews-rss),2026-06-24,0.0585,0.0161,0.9253,0.0424,0.0,0,0
2026-06-26,d9e0e8b999,TATACONSUM.NS,Business Today (via gnews-rss),2026-06-24,0.6278,0.015,0.3572,0.6128,1.0,2,0
2026-06-26,2568566f73,LTIM.NS,Upstox (via gnews-rss),2026-06-24,0.8896,0.012,0.0984,0.8777,0.0,0,0
2026-06-26,dd794670bb,LTIM.NS,Upstox (via gnews-rss),2026-06-24,0.8548,0.0162,0.129,0.8386,0.0,0,0
2026-06-26,c04f41f105,MACRO,Business Standard (via gnews-rss),2026-06-24,0.9171,0.0155,0.0674,0.9017,1.0,2,0
2026-06-26,b113432b8d,MACRO,India Today (via gnews-rss),2026-06-24,0.6088,0.0213,0.3698,0.5875,0.0,0,0
2026-06-26,5c5f31b347,MACRO,Goodreturns (via gnews-rss),2026-06-24,0.8972,0.0205,0.0823,0.8767,0.0,0,0
2026-06-26,db51286c33,MACRO,MSN (via gnews-rss),2026-06-24,0.7965,0.022,0.1815,0.7745,1.0,2,0
2026-06-26,3b4ab2c8b5,MACRO,BusinessLine (via gnews-rss),2026-06-24,0.4266,0.0783,0.4951,0.3483,-0.3333,2,4
2026-06-26,2d5c6c8363,MACRO,Goodreturns (via gnews-rss),2026-06-24,0.7625,0.0102,0.2272,0.7523,-1.0,0,2
2026-06-26,4b3dde4efc,TCS.NS,Investing.com (via gnews-rss),2026-06-23,0.0088,0.9632,0.028,-0.9544,0.0,0,0
2026-06-26,c6e81e5bdb,TCS.NS,Business Standard (via gnews-rss),2026-06-23,0.0081,0.9699,0.022,-0.9617,0.0,0,0
2026-06-26,7752d8ba35,HDFCBANK.NS,Reuters (via yfinance),2026-06-23,0.9016,0.0139,0.0844,0.8877,0.0,0,0
2026-06-26,600a2cdb38,INFY.NS,MT Newswires (via yfinance),2026-06-23,0.0115,0.9761,0.0124,-0.9646,0.0,0,0
2026-06-26,963d7f0fc8,INFY.NS,TechStock² (via gnews-rss),2026-06-23,0.0161,0.908,0.0759,-0.8918,-1.0,0,4
2026-06-26,3a0b0c81a7,ITC.NS,The Economic Times (via gnews-rss),2026-06-23,0.0362,0.0221,0.9417,0.014,0.0,0,0
2026-06-26,10000abf23,ITC.NS,Upstox (via gnews-rss),2026-06-23,0.0302,0.0168,0.953,0.0134,-1.0,0,2
2026-06-26,98a9b0641b,BHARTIARTL.NS,Upstox (via gnews-rss),2026-06-23,0.3748,0.0159,0.6093,0.3589,0.0,0,0
2026-06-26,36eefe581f,AXISBANK.NS,scanx.trade (via gnews-rss),2026-06-23,0.0298,0.0214,0.9488,0.0084,0.0,0,0
2026-06-26,4454a701a9,ASIANPAINT.NS,Moneymunch (via gnews-rss),2026-06-23,0.0383,0.0183,0.9434,0.0201,1.0,2,0
2026-06-26,d42ab5a05c,MARUTI.NS,The Hindu (via gnews-rss),2026-06-23,0.0207,0.9484,0.0309,-0.9277,-1.0,0,2
2026-06-26,ff152f3dd9,MARUTI.NS,The Economic Times (via gnews-rss),2026-06-23,0.036,0.021,0.9431,0.015,0.0,0,0
2026-06-26,96526f59ae,MARUTI.NS,ETV Bharat (via gnews-rss),2026-06-23,0.0324,0.9217,0.0459,-0.8892,-1.0,0,2
2026-06-26,0133f76a8a,HCLTECH.NS,scanx.trade (via gnews-rss),2026-06-23,0.351,0.0136,0.6354,0.3374,0.0,0,0
2026-06-26,82b91775ea,SUNPHARMA.NS,Moneycontrol.com (via gnews-rss),2026-06-23,0.8613,0.0208,0.1179,0.8405,1.0,2,0
2026-06-26,8545fc5583,SUNPHARMA.NS,Business Standard (via gnews-rss),2026-06-23,0.8997,0.0194,0.0809,0.8803,0.0,0,0
2026-06-26,6fd9bd4a36,SUNPHARMA.NS,Business Today (via gnews-rss),2026-06-23,0.3072,0.0247,0.6681,0.2825,0.0,0,0
2026-06-26,79027faaa5,WIPRO.NS,Upstox (via gnews-rss),2026-06-23,0.1328,0.0127,0.8545,0.12,0.0,0,0
2026-06-26,ac970b75e3,ULTRACEMCO.NS,scanx.trade (via gnews-rss),2026-06-23,0.0153,0.6669,0.3178,-0.6516,-1.0,0,2
2026-06-26,7dd499d11b,NESTLEIND.NS,The Economic Times (via gnews-rss),2026-06-23,0.0235,0.0474,0.9291,-0.0239,0.0,0,0
2026-06-26,b2e31d9154,M&M.NS,Quartz (via yfinance),2026-06-23,0.0363,0.7247,0.239,-0.6884,-1.0,0,1
2026-06-26,da534294d7,M&M.NS,Reuters (via yfinance),2026-06-23,0.9437,0.0178,0.0385,0.9258,0.0,0,0
2026-06-26,18c9a0e443,M&M.NS,scanx.trade (via gnews-rss),2026-06-23,0.0304,0.0276,0.942,0.0028,0.0,0,0
2026-06-26,b18ccc420b,TATASTEEL.NS,Upstox (via gnews-rss),2026-06-23,0.0353,0.0368,0.9279,-0.0014,0.0,0,0
2026-06-26,ddde15d89c,ADANIENT.NS,Business Today (via gnews-rss),2026-06-23,0.5133,0.0214,0.4654,0.4919,1.0,2,0
2026-06-26,abfc7d09f8,COALINDIA.NS,Upstox (via gnews-rss),2026-06-23,0.199,0.0168,0.7842,0.1821,0.0,0,0
2026-06-26,821aee4eb2,BAJAJFINSV.NS,scanx.trade (via gnews-rss),2026-06-23,0.0384,0.0142,0.9474,0.0242,0.0,0,0
2026-06-26,0a904f04d5,GRASIM.NS,scanx.trade (via gnews-rss),2026-06-23,0.6838,0.0096,0.3066,0.6742,0.0,0,0
2026-06-26,d371eb9360,DRREDDY.NS,Investing.com India (via gnews-rss),2026-06-23,0.0076,0.9698,0.0226,-0.9621,0.0,0,0
2026-06-26,db903fd10c,BAJAJ-AUTO.NS,scanx.trade (via gnews-rss),2026-06-23,0.0356,0.0167,0.9478,0.0189,0.0,0,0
2026-06-26,3f9385b205,TATACONSUM.NS,Goodreturns (via gnews-rss),2026-06-23,0.065,0.0157,0.9193,0.0493,0.0,0,0
2026-06-26,30eee51df1,HDFCLIFE.NS,Business Standard (via gnews-rss),2026-06-23,0.9146,0.0157,0.0697,0.8989,0.0,0,0
2026-06-26,a023c233b8,LTIM.NS,Business Today (via gnews-rss),2026-06-23,0.0386,0.0207,0.9407,0.0178,0.0,0,0
2026-06-26,e86b2ccd89,SHRIRAMFIN.NS,Business Today (via gnews-rss),2026-06-23,0.0366,0.0178,0.9456,0.0189,0.0,0,0
2026-06-26,96c1c64ee4,SECTOR_IT,Moomoo (via gnews-rss),2026-06-23,0.0071,0.968,0.0249,-0.9609,-1.0,0,2
2026-06-26,e46d0fa1a1,MACRO,Upstox (via gnews-rss),2026-06-23,0.8437,0.0113,0.145,0.8323,1.0,2,0
2026-06-26,05b4c809ac,MACRO,Open Magazine (via gnews-rss),2026-06-23,0.0768,0.0131,0.9101,0.0637,0.0,0,0
2026-06-26,ba93699313,MACRO,Mint (via gnews-rss),2026-06-23,0.0333,0.0278,0.9389,0.0055,0.0,0,0
2026-06-26,27701c9ba7,RELIANCE.NS,Simply Wall St. (via yfinance),2026-06-22,0.8473,0.0065,0.1462,0.8408,1.0,3,0
2026-06-26,511f2a1794,RELIANCE.NS,The Hindu (via gnews-rss),2026-06-22,0.9033,0.0219,0.0748,0.8813,0.0,0,0
2026-06-26,d247d5569f,HDFCBANK.NS,The Times of India (via gnews-rss),2026-06-22,0.0221,0.1788,0.799,-0.1567,0.0,0,0
2026-06-26,65ad471250,HDFCBANK.NS,Ad-hoc-news.de (via gnews-rss),2026-06-22,0.6069,0.0554,0.3377,0.5514,0.0,0,0
2026-06-26,326bb8f76c,INFY.NS,The Economic Times (via gnews-rss),2026-06-22,0.039,0.0213,0.9397,0.0177,0.0,0,0
2026-06-26,01d5e23310,ICICIBANK.NS,Goodreturns (via gnews-rss),2026-06-22,0.0546,0.0161,0.9293,0.0384,0.0,0,0
2026-06-26,30d34de295,HINDUNILVR.NS,Upstox (via gnews-rss),2026-06-22,0.0618,0.0138,0.9243,0.048,0.0,0,0
2026-06-26,e300d05cff,ITC.NS,scanx.trade (via gnews-rss),2026-06-22,0.0182,0.1197,0.8621,-0.1015,-1.0,0,4
2026-06-26,92ece483f2,KOTAKBANK.NS,Ad-hoc-news.de (via gnews-rss),2026-06-22,0.2923,0.015,0.6927,0.2773,1.0,2,0
2026-06-26,9a8e528e50,BAJFINANCE.NS,The Economic Times (via gnews-rss),2026-06-22,0.0384,0.0199,0.9418,0.0185,0.0,0,0
2026-06-26,5b1c27e361,SUNPHARMA.NS,Pharmaceutical Technology (via yfinance),2026-06-22,0.0205,0.0329,0.9465,-0.0124,0.0,0,0
2026-06-26,2aa4683f2f,TITAN.NS,Upstox (via gnews-rss),2026-06-22,0.5875,0.3204,0.0921,0.2671,0.0,0,0
2026-06-26,daa11b9beb,TITAN.NS,Upstox (via gnews-rss),2026-06-22,0.9344,0.0139,0.0516,0.9205,0.0,0,0
2026-06-26,a5d5fc21ce,TITAN.NS,The Economic Times (via gnews-rss),2026-06-22,0.0261,0.0285,0.9454,-0.0024,0.0,0,0
2026-06-26,19fb9baef5,ULTRACEMCO.NS,Ad-hoc-news.de (via gnews-rss),2026-06-22,0.3899,0.0177,0.5924,0.3722,0.0,0,0
2026-06-26,6b2dcf28b5,NESTLEIND.NS,Upstox (via gnews-rss),2026-06-22,0.0241,0.0266,0.9493,-0.0025,0.0,0,0
2026-06-26,fc2b6dbccf,ONGC.NS,scanx.trade (via gnews-rss),2026-06-22,0.0426,0.0129,0.9445,0.0298,0.0,0,0
2026-06-26,a15605795a,ONGC.NS,Upstox (via gnews-rss),2026-06-22,0.0547,0.0135,0.9318,0.0412,0.0,0,0
2026-06-26,4460a4fc1f,NTPC.NS,Upstox (via gnews-rss),2026-06-22,0.0642,0.012,0.9238,0.0521,0.0,0,0
2026-06-26,fcd8d5a7a7,TATAMOTORS.NS,The Economic Times (via gnews-rss),2026-06-22,0.04,0.0213,0.9388,0.0187,-1.0,0,4
2026-06-26,b0f9aacb0b,TATASTEEL.NS,MSN (via gnews-rss),2026-06-22,0.0479,0.0152,0.9369,0.0327,0.0,0,0
2026-06-26,f6bb818a25,ADANIPORTS.NS,The Hindu (via gnews-rss),2026-06-22,0.7272,0.2389,0.0339,0.4884,0.0,2,2
2026-06-26,f50fb7cd73,GRASIM.NS,Fibre2Fashion (via gnews-rss),2026-06-22,0.0367,0.0245,0.9388,0.0122,0.0,0,0
2026-06-26,2d1aff4abc,GRASIM.NS,HDFC Sky (via gnews-rss),2026-06-22,0.2697,0.0124,0.7178,0.2573,1.0,2,0
2026-06-26,6c1771ba3f,HINDALCO.NS,scanx.trade (via gnews-rss),2026-06-22,0.0207,0.0531,0.9262,-0.0325,0.0,0,0
2026-06-26,9cc1474a82,HINDALCO.NS,Business Today (via gnews-rss),2026-06-22,0.0332,0.0211,0.9457,0.0121,0.0,0,0
2026-06-26,e4959ba910,DRREDDY.NS,HDFC Sky (via gnews-rss),2026-06-22,0.0257,0.0574,0.9169,-0.0317,0.0,0,0
2026-06-26,bd3d99f78a,CIPLA.NS,NDTV Profit (via gnews-rss),2026-06-22,0.9439,0.0268,0.0293,0.9171,1.0,2,0
2026-06-26,131589f583,CIPLA.NS,HDFC Sky (via gnews-rss),2026-06-22,0.9395,0.0186,0.0419,0.9209,1.0,4,0
2026-06-26,41279ed12c,CIPLA.NS,HDFC Sky (via gnews-rss),2026-06-22,0.9319,0.015,0.0531,0.9169,0.0,2,2
2026-06-26,caa37039f4,BRITANNIA.NS,Ad-hoc-news.de (via gnews-rss),2026-06-22,0.0536,0.0183,0.9281,0.0354,0.0,0,0
2026-06-26,9577636fd1,EICHERMOT.NS,Business Standard (via gnews-rss),2026-06-22,0.9162,0.0188,0.0649,0.8974,0.0,0,0
2026-06-26,e82c4755ad,BAJAJ-AUTO.NS,HDFC Sky (via gnews-rss),2026-06-22,0.7811,0.0148,0.2042,0.7663,1.0,2,0
2026-06-26,ae7a7847d0,BAJAJ-AUTO.NS,Mint (via gnews-rss),2026-06-22,0.0869,0.0123,0.9008,0.0746,0.0,0,0
2026-06-26,41cb168dfc,TECHM.NS,HDFC Sky (via gnews-rss),2026-06-22,0.0375,0.0165,0.946,0.0211,0.0,0,0
2026-06-26,6a758225d2,INDUSINDBK.NS,Investing.com India (via gnews-rss),2026-06-22,0.9368,0.0217,0.0415,0.9152,0.0,0,0
2026-06-26,37b0f56b45,TATACONSUM.NS,scanx.trade (via gnews-rss),2026-06-22,0.02,0.0865,0.8935,-0.0665,0.0,0,0
2026-06-26,34a261c5c6,SHRIRAMFIN.NS,Business Today (via gnews-rss),2026-06-22,0.0377,0.0172,0.9451,0.0205,0.0,0,0
2026-06-26,53feb04d64,BPCL.NS,Moneycontrol.com (via gnews-rss),2026-06-22,0.0764,0.0344,0.8892,0.042,1.0,2,0
2026-06-26,8f9535d834,MACRO,BusinessLine (via gnews-rss),2026-06-22,0.0632,0.0198,0.917,0.0434,-1.0,0,2
2026-06-26,0a37d08b6a,MACRO,Morningstar (via gnews-rss),2026-06-22,0.0904,0.0156,0.894,0.0748,0.0,0,0
2026-06-26,257ad42d45,RELIANCE.NS,ClearTax (via gnews-rss),2026-06-21,0.0241,0.021,0.9549,0.0031,0.0,0,0
2026-06-26,f4f53a3597,RELIANCE.NS,The Economic Times (via gnews-rss),2026-06-21,0.0386,0.0202,0.9412,0.0184,0.0,0,0
2026-06-26,fa222a0491,INFY.NS,Investing.com (via yfinance),2026-06-21,0.9143,0.0232,0.0625,0.891,1.0,1,0
2026-06-26,7ad326eda5,ITC.NS,The Economic Times (via gnews-rss),2026-06-21,0.0376,0.0216,0.9408,0.016,0.0,0,0
2026-06-26,a5a1acafac,ITC.NS,Samco (via gnews-rss),2026-06-21,0.1255,0.0167,0.8578,0.1089,0.0,0,0
2026-06-26,ad9ee2059e,EICHERMOT.NS,The Economic Times (via gnews-rss),2026-06-21,0.0513,0.022,0.9267,0.0293,-1.0,0,2
2026-06-26,97c00d3a36,DIVISLAB.NS,simplywall.st (via gnews-rss),2026-06-21,0.032,0.0157,0.9523,0.0163,-1.0,0,2
2026-06-26,4b65d4e855,MACRO,The New York Times (via gnews-rss),2026-06-21,0.1532,0.0155,0.8313,0.1377,0.0,0,0
2026-06-26,382ebb11d6,INFY.NS,Insider Monkey (via yfinance),2026-06-20,0.0163,0.9646,0.0191,-0.9483,-1.0,0,2
2026-06-26,3aa9f366d2,MARUTI.NS,Mint (via gnews-rss),2026-06-20,0.0725,0.0142,0.9133,0.0584,0.0,0,0
2026-06-26,6734eadcc2,SUNPHARMA.NS,scanx.trade (via gnews-rss),2026-06-20,0.0596,0.0131,0.9273,0.0465,0.0,0,0
2026-06-26,ffe669f994,WIPRO.NS,Insider Monkey (via yfinance),2026-06-20,0.9514,0.0134,0.0352,0.9379,-1.0,0,3
2026-06-26,cc74a49866,NESTLEIND.NS,Mint (via gnews-rss),2026-06-20,0.056,0.0268,0.9172,0.0292,-1.0,0,2
2026-06-26,a9db9a02c0,ONGC.NS,scanx.trade (via gnews-rss),2026-06-20,0.0232,0.0206,0.9562,0.0026,0.0,0,0
2026-06-26,47c75840d7,RELIANCE.NS,TechCrunch (via yfinance),2026-06-19,0.0886,0.0127,0.8987,0.0759,0.0,0,0
2026-06-26,e9913ee67f,RELIANCE.NS,bbc.com (via gnews-rss),2026-06-19,0.0411,0.0187,0.9401,0.0224,0.0,0,0
2026-06-26,f4a1519468,RELIANCE.NS,Upstox (via gnews-rss),2026-06-19,0.0095,0.9563,0.0342,-0.9468,0.0,0,0
2026-06-26,29a53f69b6,RELIANCE.NS,Groww (via gnews-rss),2026-06-19,0.0224,0.023,0.9546,-0.0005,0.0,0,0
2026-06-26,f35ab957fb,RELIANCE.NS,Business Standard (via gnews-rss),2026-06-19,0.2446,0.0116,0.7439,0.233,0.0,0,0
2026-06-26,341de233b4,RELIANCE.NS,Mint (via gnews-rss),2026-06-19,0.0372,0.0206,0.9422,0.0166,0.0,0,0
2026-06-26,8539253aa4,RELIANCE.NS,Upstox (via gnews-rss),2026-06-19,0.0262,0.8686,0.1051,-0.8424,0.0,0,0
2026-06-26,cff1369589,TCS.NS,Reuters (via yfinance),2026-06-19,0.0079,0.9737,0.0184,-0.9658,-1.0,0,7
2026-06-26,9badb35bab,TCS.NS,Reuters (via yfinance),2026-06-19,0.0082,0.9749,0.0169,-0.9667,-1.0,0,1
2026-06-26,b50421f2df,TCS.NS,Moneycontrol.com (via gnews-rss),2026-06-19,0.0295,0.8968,0.0737,-0.8673,-1.0,0,2
2026-06-26,e7a74ebb1e,TCS.NS,GuruFocus (via gnews-rss),2026-06-19,0.0323,0.0171,0.9506,0.0152,0.0,0,0
2026-06-26,e794f68327,TCS.NS,Rediff (via gnews-rss),2026-06-19,0.026,0.0845,0.8895,-0.0584,0.0,0,0
2026-06-26,45d4e9f27c,HDFCBANK.NS,Business Today (via gnews-rss),2026-06-19,0.0646,0.0138,0.9216,0.0509,0.0,0,0
2026-06-26,fccbf19c2b,INFY.NS,Simply Wall St. (via yfinance),2026-06-19,0.0901,0.4458,0.4641,-0.3557,-1.0,0,1
2026-06-26,ebd24dade8,INFY.NS,Business Today (via gnews-rss),2026-06-19,0.2012,0.0136,0.7852,0.1876,0.0,0,0
2026-06-26,05ff83b868,ICICIBANK.NS,simplywall.st (via gnews-rss),2026-06-19,0.0995,0.0131,0.8874,0.0865,0.0,0,0
2026-06-26,4d31f4a0ee,ICICIBANK.NS,Equitypandit (via gnews-rss),2026-06-19,0.0259,0.0261,0.9479,-0.0002,0.0,0,0
2026-06-26,d14f5fcdfb,HINDUNILVR.NS,simplywall.st (via gnews-rss),2026-06-19,0.0484,0.014,0.9377,0.0344,-1.0,0,2
2026-06-26,8738200b52,HINDUNILVR.NS,ETV Bharat (via gnews-rss),2026-06-19,0.0327,0.7057,0.2616,-0.673,-1.0,0,2
2026-06-26,aed9d1abaf,SBIN.NS,Private Banker International (via yfinance),2026-06-19,0.0548,0.0158,0.9294,0.039,-1.0,0,1
2026-06-26,8c7e6e6bd9,BHARTIARTL.NS,Investing.com India (via gnews-rss),2026-06-19,0.0075,0.9665,0.0259,-0.959,0.0,0,0
2026-06-26,6216fed3f6,AXISBANK.NS,NDTV Profit (via gnews-rss),2026-06-19,0.0376,0.0322,0.9302,0.0054,1.0,2,0
2026-06-26,79a034c3de,ASIANPAINT.NS,simplywall.st (via gnews-rss),2026-06-19,0.0253,0.0193,0.9554,0.006,-1.0,0,2
2026-06-26,97352d5d07,MARUTI.NS,scanx.trade (via gnews-rss),2026-06-19,0.0181,0.0568,0.9251,-0.0387,0.0,0,0
2026-06-26,151e95bf15,HCLTECH.NS,Simply Wall St. (via yfinance),2026-06-19,0.3029,0.2765,0.4206,0.0263,1.0,2,0
2026-06-26,6039eab0d9,HCLTECH.NS,HDFC Sky (via gnews-rss),2026-06-19,0.0237,0.0273,0.949,-0.0036,0.0,0,0
2026-06-26,a0e5bd512a,HCLTECH.NS,Upstox (via gnews-rss),2026-06-19,0.0151,0.9575,0.0274,-0.9424,-1.0,0,2
2026-06-26,8a24db470a,TITAN.NS,scanx.trade (via gnews-rss),2026-06-19,0.0234,0.0284,0.9482,-0.005,0.0,0,0
2026-06-26,164cf27f48,TITAN.NS,The Economic Times (via gnews-rss),2026-06-19,0.0267,0.0256,0.9477,0.0011,0.0,0,0
2026-06-26,2917a41cb7,WIPRO.NS,India IPO (via gnews-rss),2026-06-19,0.0145,0.9506,0.0349,-0.936,-1.0,0,4
2026-06-26,f0d933e4fc,ULTRACEMCO.NS,Mint (via gnews-rss),2026-06-19,0.0367,0.0159,0.9475,0.0208,0.0,0,0
2026-06-26,05b194fdc0,ONGC.NS,simplywall.st (via gnews-rss),2026-06-19,0.027,0.1779,0.795,-0.1509,-1.0,0,2
2026-06-26,be59a93395,NTPC.NS,The New Indian Express (via gnews-rss),2026-06-19,0.0079,0.9599,0.0322,-0.952,-1.0,0,2
2026-06-26,31623338f4,POWERGRID.NS,Business Standard (via gnews-rss),2026-06-19,0.8408,0.01,0.1491,0.8308,0.0,0,0
2026-06-26,aeed55ee3e,M&M.NS,simplywall.st (via gnews-rss),2026-06-19,0.1631,0.01,0.8269,0.1532,0.0,0,0
2026-06-26,e4f2393a49,TATASTEEL.NS,Equitypandit (via gnews-rss),2026-06-19,0.0257,0.026,0.9482,-0.0003,0.0,0,0
2026-06-26,8ab2f0fc70,JSWSTEEL.NS,Upstox (via gnews-rss),2026-06-19,0.023,0.0192,0.9578,0.0037,0.0,0,0
2026-06-26,76ad24dfd2,COALINDIA.NS,MSN (via gnews-rss),2026-06-19,0.2533,0.0141,0.7327,0.2392,0.0,0,0
2026-06-26,b7bd7e5d6a,GRASIM.NS,scanx.trade (via gnews-rss),2026-06-19,0.0494,0.0164,0.9342,0.033,0.0,0,0
2026-06-26,893368502d,BRITANNIA.NS,Equitypandit (via gnews-rss),2026-06-19,0.0268,0.0266,0.9466,0.0002,0.0,0,0
2026-06-26,87f1696754,HEROMOTOCO.NS,UnlistedZone (via gnews-rss),2026-06-19,0.033,0.0203,0.9467,0.0127,0.0,0,0
2026-06-26,fd381ec55f,HEROMOTOCO.NS,Equitypandit (via gnews-rss),2026-06-19,0.026,0.0273,0.9467,-0.0013,0.0,0,0
2026-06-26,d9bf9e697b,DIVISLAB.NS,Equitypandit (via gnews-rss),2026-06-19,0.0274,0.0252,0.9473,0.0022,0.0,0,0
2026-06-26,e7239a52a2,APOLLOHOSP.NS,CNBC TV18 (via gnews-rss),2026-06-19,0.0735,0.0133,0.9133,0.0602,0.0,0,0
2026-06-26,8494ac2794,SBILIFE.NS,Mint (via gnews-rss),2026-06-19,0.3498,0.0149,0.6353,0.3349,0.0,0,0
2026-06-26,33aee376fe,SBILIFE.NS,Moneycontrol.com (via gnews-rss),2026-06-19,0.606,0.0129,0.3811,0.5931,0.0,0,0
2026-06-26,15826e9f9e,LTIM.NS,The Economic Times (via gnews-rss),2026-06-19,0.0317,0.0532,0.9151,-0.0215,0.0,0,0
2026-06-26,4864f427db,BPCL.NS,NDTV Profit (via gnews-rss),2026-06-19,0.0072,0.9712,0.0216,-0.9639,-0.5,2,6
2026-06-26,357abf8e1b,BPCL.NS,Equitypandit (via gnews-rss),2026-06-19,0.0289,0.0248,0.9464,0.0041,0.0,0,0
2026-06-26,bbae0aa4fe,SECTOR_IT,Business Standard (via gnews-rss),2026-06-19,0.8826,0.0745,0.0429,0.8082,0.0,0,0
2026-06-26,004727ff3a,SECTOR_IT,MSN (via gnews-rss),2026-06-19,0.0078,0.9697,0.0225,-0.9619,-1.0,0,4
2026-06-26,2403a4835a,SECTOR_IT,ChiniMandi (via gnews-rss),2026-06-19,0.0641,0.0186,0.9172,0.0455,0.0,0,0
2026-06-26,bfe5b459b9,SECTOR_IT,Mint (via gnews-rss),2026-06-19,0.0091,0.9712,0.0197,-0.9621,0.0,0,0
2026-06-26,58e380a8cc,SECTOR_IT,CNBC (via gnews-rss),2026-06-19,0.0096,0.9727,0.0178,-0.9631,-1.0,0,4
2026-06-26,fcc21bccea,SECTOR_IT,Reuters (via gnews-rss),2026-06-19,0.0075,0.9521,0.0404,-0.9446,-1.0,0,6
2026-06-26,20aa81d415,SECTOR_IT,Moneycontrol.com (via gnews-rss),2026-06-19,0.0136,0.9345,0.052,-0.9209,-1.0,0,2
2026-06-26,1694aadfa8,SECTOR_IT,The Times of India (via gnews-rss),2026-06-19,0.0358,0.5807,0.3835,-0.5448,-1.0,0,2
2026-06-26,1731d879de,SECTOR_IT,The Hindu (via gnews-rss),2026-06-19,0.0413,0.9126,0.0461,-0.8712,0.0,0,0
2026-06-26,cb0304ae90,SECTOR_IT,MSN (via gnews-rss),2026-06-19,0.0341,0.9258,0.04,-0.8917,-1.0,0,2
2026-06-26,b3bba16b1b,SECTOR_IT,Gulf News (via gnews-rss),2026-06-19,0.0229,0.0799,0.8972,-0.057,-1.0,0,2
2026-06-26,d6bfb1df19,SECTOR_IT,Yahoo Finance Singapore (via gnews-rss),2026-06-19,0.0084,0.9396,0.052,-0.9312,0.0,0,0
2026-06-26,3ca8a93905,RELIANCE.NS,Insider Monkey (via yfinance),2026-06-18,0.8381,0.0075,0.1543,0.8306,0.3333,2,1
2026-06-26,f195db77cc,RELIANCE.NS,Simply Wall St. (via yfinance),2026-06-18,0.9491,0.0262,0.0247,0.9229,0.0,0,0
2026-06-26,7c4a53660c,TCS.NS,NDTV Profit (via gnews-rss),2026-06-18,0.0079,0.9728,0.0193,-0.9648,0.0,2,2
2026-06-26,ce3a864c96,HDFCBANK.NS,Reuters (via yfinance),2026-06-18,0.2792,0.0454,0.6755,0.2338,0.0,0,0
2026-06-26,99dc8df6fe,HDFCBANK.NS,Moneycontrol.com (via gnews-rss),2026-06-18,0.7678,0.0222,0.21,0.7456,0.0,0,0
2026-06-26,e14ecbfbd8,HDFCBANK.NS,The Economic Times (via gnews-rss),2026-06-18,0.1433,0.0146,0.8421,0.1287,0.0,0,0
2026-06-26,fb3c104372,HDFCBANK.NS,Upstox (via gnews-rss),2026-06-18,0.0963,0.016,0.8877,0.0803,0.0,0,0
2026-06-26,1ae994097d,INFY.NS,GuruFocus.com (via yfinance),2026-06-18,0.0144,0.9742,0.0114,-0.9597,-1.0,0,1
2026-06-26,d40e5575b6,INFY.NS,Upstox (via gnews-rss),2026-06-18,0.0104,0.965,0.0247,-0.9546,-1.0,0,2
2026-06-26,640868a943,INFY.NS,Business Standard (via gnews-rss),2026-06-18,0.0139,0.966,0.0201,-0.952,-1.0,0,2
2026-06-26,f2e3e147e9,INFY.NS,Moneycontrol.com (via gnews-rss),2026-06-18,0.0116,0.9119,0.0765,-0.9003,0.0,2,2
2026-06-26,f9343692c0,INFY.NS,NDTV Profit (via gnews-rss),2026-06-18,0.0438,0.0246,0.9316,0.0192,1.0,2,0
2026-06-26,363ed4dc16,ICICIBANK.NS,scanx.trade (via gnews-rss),2026-06-18,0.0239,0.0213,0.9547,0.0026,0.0,0,0
2026-06-26,a2a8292a11,SBIN.NS,Reuters (via yfinance),2026-06-18,0.8591,0.0235,0.1174,0.8356,0.0,0,0
2026-06-26,cd7068e231,SBIN.NS,The Economic Times (via gnews-rss),2026-06-18,0.08,0.0154,0.9046,0.0645,1.0,2,0
2026-06-26,7a95b8a32a,SBIN.NS,The Hindu (via gnews-rss),2026-06-18,0.5698,0.0109,0.4193,0.5588,0.0,0,0
2026-06-26,81d573e681,SBIN.NS,MSN (via gnews-rss),2026-06-18,0.0483,0.018,0.9337,0.0303,1.0,2,0
2026-06-26,6421a4fd4a,SBIN.NS,NDTV Profit (via gnews-rss),2026-06-18,0.0852,0.0204,0.8944,0.0648,1.0,2,0
2026-06-26,5b4f739536,SBIN.NS,Mint (via gnews-rss),2026-06-18,0.6004,0.0235,0.3761,0.5769,0.0,0,0
2026-06-26,08d5ee3a8a,SBIN.NS,Reuters (via gnews-rss),2026-06-18,0.1681,0.0188,0.813,0.1493,-1.0,0,2
2026-06-26,7e56b32ee3,KOTAKBANK.NS,The Hindu (via gnews-rss),2026-06-18,0.9032,0.0405,0.0563,0.8626,-1.0,0,2
2026-06-26,9e7e3b8542,HCLTECH.NS,Just Auto (via yfinance),2026-06-18,0.8304,0.0066,0.163,0.8238,1.0,1,0
2026-06-26,062e5c97a2,WIPRO.NS,Simply Wall St. (via yfinance),2026-06-18,0.7424,0.0084,0.2492,0.734,1.0,1,0
2026-06-26,8fcb35bfaf,WIPRO.NS,Simply Wall St. (via yfinance),2026-06-18,0.8246,0.0078,0.1676,0.8168,0.3333,2,1
2026-06-26,fc29d333cf,WIPRO.NS,BusinessLine (via gnews-rss),2026-06-18,0.2757,0.0155,0.7088,0.2602,0.0,0,0
2026-06-26,e83fddf092,WIPRO.NS,Upstox (via gnews-rss),2026-06-18,0.1125,0.3425,0.545,-0.23,0.0,0,0
2026-06-26,ad3844500e,ONGC.NS,Ad-hoc-news.de (via gnews-rss),2026-06-18,0.0241,0.0233,0.9526,0.0008,0.0,0,0
2026-06-26,7243dffa8e,NTPC.NS,HDFC Sky (via gnews-rss),2026-06-18,0.2581,0.0135,0.7284,0.2446,0.0,0,0
2026-06-26,47f835d7d7,M&M.NS,Packaging Dive (via yfinance),2026-06-18,0.3861,0.0127,0.6012,0.3734,-1.0,0,1
2026-06-26,4aa1b1f209,TATAMOTORS.NS,The Economic Times (via gnews-rss),2026-06-18,0.8834,0.0107,0.106,0.8727,0.0,0,0
2026-06-26,8cddf6a645,TATAMOTORS.NS,NiftyTrader (via gnews-rss),2026-06-18,0.0294,0.0208,0.9498,0.0085,0.0,0,0
2026-06-26,da69850d35,ADANIENT.NS,Business Standard (via gnews-rss),2026-06-18,0.9345,0.0207,0.0448,0.9138,0.0,0,0
2026-06-26,a6034adae6,ADANIENT.NS,MSN (via gnews-rss),2026-06-18,0.0446,0.0693,0.8862,-0.0247,-1.0,0,2
2026-06-26,7c2520136d,COALINDIA.NS,HDFC Sky (via gnews-rss),2026-06-18,0.5235,0.0147,0.4618,0.5089,0.0,0,0
2026-06-26,67da706854,COALINDIA.NS,The Indian Express (via gnews-rss),2026-06-18,0.1423,0.012,0.8457,0.1304,0.0,0,0
2026-06-26,82f10f951c,COALINDIA.NS,Mint (via gnews-rss),2026-06-18,0.0638,0.0126,0.9236,0.0511,0.0,0,0
2026-06-26,da9fc083fc,EICHERMOT.NS,scanx.trade (via gnews-rss),2026-06-18,0.0242,0.0276,0.9482,-0.0034,-1.0,0,2
2026-06-26,9eb87d25fa,BAJAJ-AUTO.NS,Reuters (via yfinance),2026-06-18,0.7704,0.0186,0.211,0.7518,0.0,0,0
2026-06-26,a8463d08ff,BAJAJ-AUTO.NS,Upstox (via gnews-rss),2026-06-18,0.2697,0.0193,0.711,0.2504,0.0,0,0
2026-06-26,e2f1a72a04,BAJAJ-AUTO.NS,India IPO (via gnews-rss),2026-06-18,0.0504,0.0155,0.9342,0.0349,0.0,0,0
2026-06-26,011806f820,BAJAJ-AUTO.NS,Moneycontrol.com (via gnews-rss),2026-06-18,0.1492,0.0222,0.8286,0.127,0.0,0,0
2026-06-26,54cdda9ca4,APOLLOHOSP.NS,Business Today (via gnews-rss),2026-06-18,0.0838,0.0138,0.9024,0.0701,0.0,0,0
2026-06-26,8d7779edd4,TATACONSUM.NS,GuruFocus.com (via yfinance),2026-06-18,0.9464,0.0179,0.0357,0.9285,0.0,0,0
2026-06-26,1f8eb081d0,TATACONSUM.NS,Investing.com India (via gnews-rss),2026-06-18,0.9407,0.0239,0.0355,0.9168,0.0,0,0
2026-06-26,b25c7e8785,SBILIFE.NS,Business Today (via gnews-rss),2026-06-18,0.06,0.0161,0.924,0.0439,0.0,0,0
2026-06-26,2df3111bd7,SBILIFE.NS,Fortune India (via gnews-rss),2026-06-18,0.1059,0.0568,0.8373,0.0491,1.0,2,0
2026-06-26,cbe7563a4d,SBILIFE.NS,Moneycontrol.com (via gnews-rss),2026-06-18,0.8745,0.0427,0.0829,0.8318,0.0,0,0
2026-06-26,a06e14ca01,SHRIRAMFIN.NS,scanx.trade (via gnews-rss),2026-06-18,0.03,0.0218,0.9481,0.0082,0.0,0,0
2026-06-26,f410c4ae1e,BPCL.NS,Mint (via gnews-rss),2026-06-18,0.1051,0.0131,0.8818,0.092,0.0,0,0
2026-06-26,dbd2010948,SECTOR_IT,Reuters (via gnews-rss),2026-06-18,0.0098,0.9291,0.0611,-0.9193,-1.0,0,2
2026-06-26,59814b101b,HDFCBANK.NS,Insider Monkey (via yfinance),2026-06-17,0.0126,0.9656,0.0218,-0.953,-1.0,0,1
2026-06-26,efcac35a57,ICICIBANK.NS,Upstox (via gnews-rss),2026-06-17,0.9281,0.036,0.0359,0.8921,0.0,0,0
2026-06-26,4e0fb85116,SBIN.NS,Moneycontrol.com (via gnews-rss),2026-06-17,0.3961,0.0191,0.5847,0.377,0.0,0,0
2026-06-26,7d043528ad,SBIN.NS,UnlistedZone (via gnews-rss),2026-06-17,0.0363,0.0188,0.9449,0.0175,0.0,0,0
2026-06-26,1dd2cfa420,SBIN.NS,CNBC (via gnews-rss),2026-06-17,0.034,0.0182,0.9478,0.0158,0.0,0,0
2026-06-26,68678e88c4,KOTAKBANK.NS,ETV Bharat (via gnews-rss),2026-06-17,0.7767,0.0163,0.207,0.7603,-1.0,0,2
2026-06-26,639681247f,KOTAKBANK.NS,The Shillong Times (via gnews-rss),2026-06-17,0.8679,0.0115,0.1206,0.8564,0.0,0,0
2026-06-26,0649bbea20,HCLTECH.NS,Bloomberg (via yfinance),2026-06-17,0.3894,0.0095,0.6011,0.3799,1.0,1,0
2026-06-26,0e75d358a0,TITAN.NS,Moneycontrol.com (via gnews-rss),2026-06-17,0.0411,0.0148,0.9441,0.0263,0.0,0,0
2026-06-26,dc2dadfb11,WIPRO.NS,StockStory (via yfinance),2026-06-17,0.0103,0.9727,0.017,-0.9624,-1.0,0,3
2026-06-26,c1ff76c411,WIPRO.NS,StockStory (via yfinance),2026-06-17,0.01,0.9724,0.0176,-0.9624,-1.0,0,3
2026-06-26,f2ead2cd6c,ONGC.NS,simplywall.st (via gnews-rss),2026-06-17,0.091,0.0112,0.8978,0.0798,0.0,0,0
2026-06-26,7f9cfc271d,NTPC.NS,Groww (via gnews-rss),2026-06-17,0.0921,0.0112,0.8967,0.0808,0.0,0,0
2026-06-26,897f95fa24,POWERGRID.NS,The Economic Times (via gnews-rss),2026-06-17,0.7899,0.0142,0.1958,0.7757,0.0,0,0
2026-06-26,f6c3e532cd,TATAMOTORS.NS,CNBC TV18 (via gnews-rss),2026-06-17,0.0087,0.9335,0.0578,-0.9248,0.0,0,0
2026-06-26,68754e2868,TATAMOTORS.NS,India IPO (via gnews-rss),2026-06-17,0.5572,0.024,0.4189,0.5332,0.0,0,0
2026-06-26,eecbf29b86,JSWSTEEL.NS,Business Today (via gnews-rss),2026-06-17,0.0431,0.0175,0.9394,0.0256,0.0,0,0
2026-06-26,bd129dcf93,ADANIENT.NS,Reuters (via yfinance),2026-06-17,0.9486,0.0124,0.0391,0.9362,1.0,2,0
2026-06-26,0d0163148e,ADANIPORTS.NS,The New Indian Express (via gnews-rss),2026-06-17,0.0442,0.915,0.0408,-0.8709,-1.0,0,2
2026-06-26,693e8d7551,COALINDIA.NS,Rediff (via gnews-rss),2026-06-17,0.1876,0.0105,0.8019,0.1771,0.0,0,0
2026-06-26,f31a4f5c5c,GRASIM.NS,scanx.trade (via gnews-rss),2026-06-17,0.0365,0.0161,0.9474,0.0204,0.0,0,0
2026-06-26,63def0c557,BRITANNIA.NS,Business Today (via gnews-rss),2026-06-17,0.0447,0.0166,0.9388,0.0281,0.0,0,0
2026-06-26,5534a226e4,HEROMOTOCO.NS,scanx.trade (via gnews-rss),2026-06-17,0.0233,0.0295,0.9472,-0.0062,-1.0,0,2
2026-06-26,d1e3ac1385,APOLLOHOSP.NS,CNBC TV18 (via gnews-rss),2026-06-17,0.0371,0.0198,0.9431,0.0173,0.0,0,0
2026-06-26,7af2e29681,SBILIFE.NS,Moneycontrol.com (via gnews-rss),2026-06-17,0.055,0.0162,0.9288,0.0387,0.0,0,0
2026-06-26,f34908c607,SBILIFE.NS,Moneycontrol.com (via gnews-rss),2026-06-17,0.0586,0.011,0.9303,0.0476,0.0,0,0
2026-06-26,f349e4549a,LTIM.NS,Business Today (via gnews-rss),2026-06-17,0.0312,0.0232,0.9456,0.0079,0.0,0,0
2026-06-26,ac60d2ea18,LTIM.NS,Business Today (via gnews-rss),2026-06-17,0.0351,0.0186,0.9463,0.0166,0.0,0,0
2026-06-26,36f324b89a,SHRIRAMFIN.NS,scanx.trade (via gnews-rss),2026-06-17,0.0332,0.8316,0.1352,-0.7984,-1.0,0,2
2026-06-26,b488bf90d5,BPCL.NS,Moneycontrol.com (via gnews-rss),2026-06-17,0.9402,0.0243,0.0355,0.9159,0.0,0,0
2026-06-26,9e64a98376,BPCL.NS,NDTV Profit (via gnews-rss),2026-06-17,0.8994,0.0718,0.0288,0.8276,1.0,2,0
2026-06-26,def50d6e80,SECTOR_IT,News On AIR (via gnews-rss),2026-06-17,0.9242,0.0235,0.0524,0.9007,0.0,0,0
2026-06-26,e721393891,SECTOR_IT,The Economic Times (via gnews-rss),2026-06-17,0.1021,0.0118,0.8861,0.0904,0.0,0,0
2026-06-26,1391e6cb7d,MACRO,MSN (via gnews-rss),2026-06-17,0.0781,0.497,0.4249,-0.4188,0.0,0,0
2026-06-26,37afe572bd,MACRO,Value Research (via gnews-rss),2026-06-17,0.0624,0.0233,0.9144,0.0391,-1.0,0,2
2026-06-26,ae58279409,MACRO,bbc.com (via gnews-rss),2026-06-17,0.0523,0.1247,0.8231,-0.0724,0.0,0,0
2026-06-26,68c5080954,MACRO,CNBC (via gnews-rss),2026-06-17,0.0548,0.0965,0.8487,-0.0416,-1.0,0,2
2026-06-26,c296a20c50,MACRO,Investopedia (via gnews-rss),2026-06-17,0.0595,0.0171,0.9235,0.0424,0.0,0,0
2026-06-26,a12b36398b,MACRO,"Breaking News, Latest News and Videos (via gnews-rss)",2026-06-17,0.0854,0.0396,0.875,0.0458,-1.0,0,2
2026-06-26,ef5318455c,MACRO,PBS (via gnews-rss),2026-06-17,0.0369,0.0187,0.9444,0.0181,0.0,0,0
2026-06-26,9b62da9256,MACRO,Hindustan Times (via gnews-rss),2026-06-17,0.0246,0.038,0.9374,-0.0134,0.0,0,0
2026-06-26,3c2e4c6f7f,MACRO,The Guardian (via gnews-rss),2026-06-17,0.1826,0.0655,0.7518,0.1171,0.0,0,0
2026-06-26,32dafe9889,RELIANCE.NS,Insider Monkey (via yfinance),2026-06-16,0.6434,0.0139,0.3427,0.6295,0.0,0,0
2026-06-26,000b031cc8,TCS.NS,Reuters (via yfinance),2026-06-16,0.5182,0.4296,0.0522,0.0887,-1.0,0,1
2026-06-26,1bb937e3ae,TCS.NS,Upstox (via gnews-rss),2026-06-16,0.9471,0.0187,0.0342,0.9284,0.0,0,0
2026-06-26,d26b683cc7,TCS.NS,The Hindu (via gnews-rss),2026-06-16,0.9324,0.0191,0.0485,0.9133,1.0,2,0
2026-06-26,92942e4392,HDFCBANK.NS,Reuters (via yfinance),2026-06-16,0.9342,0.0228,0.043,0.9114,0.0,0,0
2026-06-26,dae33d76ac,HDFCBANK.NS,Upstox (via gnews-rss),2026-06-16,0.8952,0.0204,0.0844,0.8748,0.0,0,0
2026-06-26,8e7f882c03,HINDUNILVR.NS,The Shillong Times (via gnews-rss),2026-06-16,0.7988,0.0118,0.1894,0.787,1.0,2,0
2026-06-26,7154f2cc61,ITC.NS,Business Today (via gnews-rss),2026-06-16,0.1538,0.8022,0.044,-0.6485,0.0,0,0
2026-06-26,37847cd3b2,ITC.NS,Samco (via gnews-rss),2026-06-16,0.036,0.0145,0.9495,0.0214,0.0,0,0
2026-06-26,adf44d86ac,BHARTIARTL.NS,Goodreturns (via gnews-rss),2026-06-16,0.94,0.0185,0.0415,0.9215,0.0,0,0
2026-06-26,53efe40aab,KOTAKBANK.NS,Upstox (via gnews-rss),2026-06-16,0.1223,0.0141,0.8637,0.1082,0.0,0,0
2026-06-26,caf367a341,KOTAKBANK.NS,Samco (via gnews-rss),2026-06-16,0.0483,0.0152,0.9364,0.0331,0.0,0,0
2026-06-26,5021996373,LT.NS,Moneycontrol.com (via gnews-rss),2026-06-16,0.0387,0.0167,0.9446,0.022,-1.0,0,2
2026-06-26,f1ace69d5e,BAJFINANCE.NS,Business Standard (via gnews-rss),2026-06-16,0.9319,0.0199,0.0481,0.912,0.0,0,0
2026-06-26,497839e09f,BAJFINANCE.NS,Business Standard (via gnews-rss),2026-06-16,0.933,0.0149,0.0521,0.9181,0.0,0,0
2026-06-26,119c85bab5,BAJFINANCE.NS,scanx.trade (via gnews-rss),2026-06-16,0.0416,0.0135,0.9448,0.0281,0.0,0,0
2026-06-26,46341c555f,MARUTI.NS,scanx.trade (via gnews-rss),2026-06-16,0.0338,0.0222,0.944,0.0117,-1.0,0,2
2026-06-26,bb97504d47,HCLTECH.NS,Verdict (via yfinance),2026-06-16,0.9412,0.0121,0.0467,0.9291,1.0,1,0
2026-06-26,884f0dc787,HCLTECH.NS,Moneycontrol.com (via gnews-rss),2026-06-16,0.0427,0.8827,0.0745,-0.84,0.0,0,0
2026-06-26,9874ffbb77,SUNPHARMA.NS,Moneycontrol.com (via gnews-rss),2026-06-16,0.1559,0.7236,0.1206,-0.5677,-1.0,0,2
2026-06-26,218b3bc068,WIPRO.NS,Reuters (via yfinance),2026-06-16,0.881,0.0081,0.1109,0.8728,1.0,1,0
2026-06-26,fa9cc80f4c,ULTRACEMCO.NS,The Hindu (via gnews-rss),2026-06-16,0.5851,0.2476,0.1674,0.3375,-1.0,0,2
2026-06-26,2f22f7542a,NESTLEIND.NS,Business Standard (via gnews-rss),2026-06-16,0.0975,0.016,0.8865,0.0815,1.0,2,0
2026-06-26,c7288f8bbc,ONGC.NS,Simply Wall St. (via yfinance),2026-06-16,0.0422,0.8726,0.0853,-0.8304,0.0,0,0
2026-06-26,9b90320139,POWERGRID.NS,Samco (via gnews-rss),2026-06-16,0.2081,0.0118,0.7802,0.1963,0.0,0,0
2026-06-26,15aa467f92,POWERGRID.NS,Upstox (via gnews-rss),2026-06-16,0.0116,0.9671,0.0213,-0.9555,1.0,2,0
2026-06-26,7fe612787e,TATASTEEL.NS,Business Standard (via gnews-rss),2026-06-16,0.8695,0.0573,0.0732,0.8122,-1.0,0,2
2026-06-26,70e82e59d6,JSWSTEEL.NS,The Times of India (via gnews-rss),2026-06-16,0.0221,0.1759,0.802,-0.1538,0.0,0,0
2026-06-26,047a425850,ADANIENT.NS,HDFC Sky (via gnews-rss),2026-06-16,0.024,0.0192,0.9568,0.0049,0.0,0,0
2026-06-26,bb0ec1e207,ADANIENT.NS,Daily Pioneer (via gnews-rss),2026-06-16,0.021,0.078,0.901,-0.057,-1.0,0,2
2026-06-26,eab8a619dd,ADANIPORTS.NS,Upstox (via gnews-rss),2026-06-16,0.9504,0.0189,0.0307,0.9316,0.0,0,0
2026-06-26,de0e9af9fa,COALINDIA.NS,TradingView (via gnews-rss),2026-06-16,0.0248,0.0196,0.9556,0.0052,0.0,0,0
2026-06-26,c279bced5f,HINDALCO.NS,Business Standard (via gnews-rss),2026-06-16,0.8153,0.1277,0.057,0.6876,-1.0,0,2
2026-06-26,cf62891e5c,HINDALCO.NS,Upstox (via gnews-rss),2026-06-16,0.0443,0.1971,0.7586,-0.1527,0.0,0,0
2026-06-26,6a835d3841,HINDALCO.NS,HDFC Sky (via gnews-rss),2026-06-16,0.0367,0.0324,0.931,0.0043,1.0,2,0
2026-06-26,31f528845a,HINDALCO.NS,Upstox (via gnews-rss),2026-06-16,0.2589,0.6765,0.0645,-0.4176,0.0,0,0
2026-06-26,8e7252c1fe,INDUSINDBK.NS,Moneycontrol.com (via gnews-rss),2026-06-16,0.1797,0.0547,0.7656,0.1251,1.0,2,0
2026-06-26,97010a9655,TATACONSUM.NS,Moneycontrol.com (via gnews-rss),2026-06-16,0.9374,0.0253,0.0372,0.9121,0.0,0,0
2026-06-26,683ddc80a7,TATACONSUM.NS,HDFC Sky (via gnews-rss),2026-06-16,0.0284,0.043,0.9286,-0.0146,1.0,2,0
2026-06-26,330ad6669c,SBILIFE.NS,Moneymunch (via gnews-rss),2026-06-16,0.0323,0.0269,0.9407,0.0054,0.0,0,0
2026-06-26,f1d8e082f1,SBILIFE.NS,simplywall.st (via gnews-rss),2026-06-16,0.0584,0.0116,0.93,0.0468,-1.0,0,2
2026-06-26,437cef4262,HDFCLIFE.NS,scanx.trade (via gnews-rss),2026-06-16,0.0305,0.0187,0.9508,0.0118,0.0,0,0
2026-06-26,c8d3696edc,SECTOR_IT,Moneycontrol.com (via gnews-rss),2026-06-16,0.1733,0.0335,0.7932,0.1399,1.0,2,0
2026-06-26,27973a8fdd,MACRO,Moneycontrol.com (via gnews-rss),2026-06-16,0.7117,0.0147,0.2736,0.697,1.0,2,0
2026-06-26,5e133aca8e,MACRO,DD India (via gnews-rss),2026-06-16,0.7273,0.0166,0.2561,0.7107,0.0,0,0
2026-06-26,464e01893b,RELIANCE.NS,TradingView (via gnews-rss),2026-06-15,0.4233,0.0221,0.5546,0.4012,0.0,0,0
2026-06-26,5c44b26485,TCS.NS,Reuters (via yfinance),2026-06-15,0.1496,0.7585,0.0919,-0.6089,-1.0,0,2
2026-06-26,b3788b3255,BHARTIARTL.NS,Upstox (via gnews-rss),2026-06-15,0.7619,0.0088,0.2293,0.7531,0.0,0,0
2026-06-26,ec881745b3,LT.NS,Business Standard (via gnews-rss),2026-06-15,0.9062,0.0442,0.0497,0.862,0.0,0,0
2026-06-26,7da018595a,LT.NS,Upstox (via gnews-rss),2026-06-15,0.9192,0.0228,0.0579,0.8964,1.0,2,0
2026-06-26,e845de80f9,LT.NS,Equitypandit (via gnews-rss),2026-06-15,0.9363,0.0264,0.0373,0.9099,-1.0,0,2
2026-06-26,1e3f549e23,LT.NS,CNBC TV18 (via gnews-rss),2026-06-15,0.0721,0.0142,0.9137,0.058,0.0,0,0
2026-06-26,6452419f18,LT.NS,The Hindu (via gnews-rss),2026-06-15,0.0592,0.8806,0.0602,-0.8214,-1.0,0,2
2026-06-26,d7f2b907d4,LT.NS,Business Today (via gnews-rss),2026-06-15,0.6226,0.0142,0.3632,0.6084,0.0,0,0
2026-06-26,9cc6c141d9,AXISBANK.NS,Business Standard (via gnews-rss),2026-06-15,0.7335,0.0121,0.2544,0.7215,0.0,0,0
2026-06-26,d89cfe8752,BAJFINANCE.NS,The Economic Times (via gnews-rss),2026-06-15,0.4156,0.0336,0.5508,0.3819,0.0,0,0
2026-06-26,6418cf345a,ASIANPAINT.NS,Moneycontrol.com (via gnews-rss),2026-06-15,0.8929,0.0219,0.0852,0.8711,0.0,0,0
2026-06-26,374498b590,ASIANPAINT.NS,scanx.trade (via gnews-rss),2026-06-15,0.0302,0.0188,0.951,0.0114,-1.0,0,2
2026-06-26,2c13f0d3e7,ASIANPAINT.NS,The Hindu (via gnews-rss),2026-06-15,0.8673,0.0261,0.1066,0.8412,0.0,2,2
2026-06-26,f9057fb82c,MARUTI.NS,Business Standard (via gnews-rss),2026-06-15,0.8766,0.0151,0.1083,0.8616,0.0,0,0
2026-06-26,97df6e0d2b,HCLTECH.NS,BeInCrypto (via yfinance),2026-06-15,0.939,0.018,0.043,0.9209,-0.3333,1,2
2026-06-26,c04afec57a,HCLTECH.NS,Reuters (via yfinance),2026-06-15,0.8706,0.0094,0.12,0.8612,1.0,1,0
2026-06-26,17991e3e17,HCLTECH.NS,TechCrunch (via yfinance),2026-06-15,0.3121,0.009,0.6789,0.3032,0.0,0,0
2026-06-26,c3cfeb6efa,SUNPHARMA.NS,scanx.trade (via gnews-rss),2026-06-15,0.0206,0.044,0.9354,-0.0234,-1.0,0,2
2026-06-26,76609842c9,SUNPHARMA.NS,Samco (via gnews-rss),2026-06-15,0.0503,0.0139,0.9358,0.0364,0.0,0,0
2026-06-26,ae61964893,TITAN.NS,Upstox (via gnews-rss),2026-06-15,0.8979,0.0337,0.0684,0.8642,0.0,0,0
2026-06-26,589bdcbfe0,WIPRO.NS,Reuters (via yfinance),2026-06-15,0.0207,0.8867,0.0926,-0.866,-1.0,0,3
2026-06-26,2733df2dd5,ULTRACEMCO.NS,The New Indian Express (via gnews-rss),2026-06-15,0.3162,0.583,0.1008,-0.2669,-1.0,0,2
2026-06-26,5bb627521f,ULTRACEMCO.NS,PSU Watch (via gnews-rss),2026-06-15,0.7259,0.0128,0.2613,0.7131,0.0,0,0
2026-06-26,24f567f9cd,NESTLEIND.NS,Upstox (via gnews-rss),2026-06-15,0.5276,0.0143,0.4582,0.5133,0.0,0,0
2026-06-26,f705ba8b43,NTPC.NS,Investing.com India (via gnews-rss),2026-06-15,0.935,0.0211,0.0439,0.9139,0.0,0,0
2026-06-26,8f3fea052f,POWERGRID.NS,Moneycontrol.com (via gnews-rss),2026-06-15,0.0338,0.0186,0.9476,0.0151,0.0,0,0
2026-06-26,adc65b92c4,M&M.NS,Business Standard (via gnews-rss),2026-06-15,0.008,0.9582,0.0338,-0.9502,-1.0,0,2
2026-06-26,6879da534e,JSWSTEEL.NS,HDFC Sky (via gnews-rss),2026-06-15,0.0215,0.023,0.9555,-0.0015,0.0,0,0
2026-06-26,c38ced127a,JSWSTEEL.NS,Business Standard (via gnews-rss),2026-06-15,0.929,0.0158,0.0552,0.9131,0.0,0,0
2026-06-26,6abc8a86e1,ADANIENT.NS,Reuters (via yfinance),2026-06-15,0.9282,0.0172,0.0546,0.911,1.0,1,0
2026-06-26,608772c39f,HINDALCO.NS,The Economic Times (via gnews-rss),2026-06-15,0.5946,0.0382,0.3672,0.5564,0.0,0,0
2026-06-26,e98cc8c6c2,DRREDDY.NS,scanx.trade (via gnews-rss),2026-06-15,0.1863,0.0108,0.803,0.1755,1.0,2,0
2026-06-26,3efad1391e,INDUSINDBK.NS,Business Today (via gnews-rss),2026-06-15,0.0589,0.0152,0.9259,0.0437,-1.0,0,4
2026-06-26,04169bc40a,SHRIRAMFIN.NS,The Economic Times (via gnews-rss),2026-06-15,0.5558,0.0454,0.3988,0.5104,0.0,0,0
2026-06-26,63c78a144a,BPCL.NS,Business Standard (via gnews-rss),2026-06-15,0.9389,0.0176,0.0435,0.9213,1.0,2,0
2026-06-26,7209993c50,MACRO,MSN (via gnews-rss),2026-06-15,0.7457,0.1414,0.1128,0.6043,-1.0,0,2
2026-06-26,6f08803a97,MACRO,The Economic Times (via gnews-rss),2026-06-15,0.7326,0.0125,0.2549,0.7201,-1.0,0,2
2026-06-26,6b3e72908b,MACRO,Yahoo Finance (via gnews-rss),2026-06-15,0.0166,0.0357,0.9477,-0.019,0.0,0,0
2026-06-26,e716274817,TCS.NS,TechCrunch (via yfinance),2026-06-14,0.0126,0.853,0.1344,-0.8405,-1.0,0,1
2026-06-26,885893a500,ICICIBANK.NS,Business Standard (via gnews-rss),2026-06-14,0.9062,0.0177,0.0761,0.8885,0.0,0,0
2026-06-26,ea088efd82,ASIANPAINT.NS,Upstox (via gnews-rss),2026-06-14,0.9209,0.0251,0.0539,0.8958,0.0,0,0
2026-06-26,2e7386372b,MARUTI.NS,Upstox (via gnews-rss),2026-06-14,0.9359,0.0232,0.0408,0.9127,1.0,2,0
2026-06-26,9ae2ba0c9c,ONGC.NS,Upstox (via gnews-rss),2026-06-14,0.7167,0.1348,0.1485,0.5818,0.0,0,0
2026-06-26,a85504aab9,HDFCLIFE.NS,NDTV Profit (via gnews-rss),2026-06-14,0.0495,0.0192,0.9313,0.0302,1.0,2,0
2026-06-26,4a5eb691b3,LTIM.NS,Upstox (via gnews-rss),2026-06-14,0.0225,0.0235,0.954,-0.001,0.0,0,0
2026-06-26,eb4a07c63d,MACRO,Liquide Blog (via gnews-rss),2026-06-14,0.0336,0.029,0.9374,0.0047,-1.0,0,2
2026-06-26,f1402aff94,TCS.NS,Simply Wall St. (via yfinance),2026-06-13,0.138,0.8309,0.0311,-0.6929,-1.0,0,1
2026-06-26,3518f614f0,HINDUNILVR.NS,scanx.trade (via gnews-rss),2026-06-13,0.0191,0.0588,0.9221,-0.0397,0.0,0,0
2026-06-26,a1a48613ab,ONGC.NS,Fortune India (via gnews-rss),2026-06-13,0.0395,0.0145,0.946,0.025,0.0,0,0
2026-06-26,28d02b4340,NTPC.NS,scanx.trade (via gnews-rss),2026-06-13,0.0409,0.0181,0.941,0.0229,0.0,0,0
2026-06-26,7dafd01b5a,MACRO,NiftyTrader (via gnews-rss),2026-06-13,0.033,0.0563,0.9107,-0.0233,0.0,0,0
2026-06-26,e07ec79eb1,RELIANCE.NS,Simply Wall St. (via yfinance),2026-06-12,0.8054,0.0119,0.1827,0.7935,0.0,1,1
2026-06-26,492a983b1d,HDFCBANK.NS,Zacks (via yfinance),2026-06-12,0.0401,0.0321,0.9278,0.008,1.0,2,0
