date,ticker,name,rank,agg_sent,n_sent,low_n,article_id,source,headline,url,art_date,sent,eff_weight,weight_share,contribution
2026-06-24,NTPC.NS,NTPC Limited,1,0.8273,17,False,9f79f931e1,The Hindu (via gnews-rss),Markets rebound on softening crude oil prices; Sensex jumps 790 points - The Hindu. Markets rebound on softening crude oil prices; Sensex jumps 790 points&nbsp;,https://news.google.com/rss/articles/CBMi0gFBVV95cUxPVGZIMWFsTFM2ZnRZT1pfeEtMZnFPVDdXY3JZemlmcGgzS05PRy1pem1YTE9CanJvemp4bGd4dFRwY3QxY0hKRVJJdi1vcGZKTmRZN05CZzJYS29vX0NscHdKWFpNYUY1cDlQbTZtMnFWSDVWc3RBZHdmRTJCT2ptOFByX2tCMnNPSlMxcjk0ZDd2enFxRzhjTU9XRnF4dmZaMWdTdFhZVEhKXzI1N2RTcVRRMmFsYXRVeG9vNTlHMFhiM0oybnY2S2kxNU1ZcmVyaVHSAdIBQVVfeXFMT1RmSDFhbExTNmZ0WU9aX3hLTGZxT1Q3V2NyWXppZnBoM0tOT0ctaXptWExPQmpyb3pqeGxneHRUcGN0MWNISkVSSXYtb3BmSk5kWTdOQmcyWEtvb19DbHB3SlhaTWFGNXA5UG02bTJxVkg1VnN0QWR3ZkUyQk9qbThQcl9rQjJzT0pTMXI5NGQ3dnpxcUc4Y01PV0ZxeHZmWjFnU3RYWVRISl8yNTdkU3FUUTJhbGF0VXhvbzU5RzBYYjNKMm52NktpMTVNWXJlcmlR?oc=5,2026-06-24,0.8711,0.8,0.2883,0.2512
2026-06-24,NTPC.NS,NTPC Limited,1,0.8273,17,False,38d073d849,The New Indian Express (via gnews-rss),"Sensex, Nifty rebound in early trade as crude prices ease - The New Indian Express. Sensex, Nifty rebound in early trade as crude prices ease&nbsp;&nbsp;The New",https://news.google.com/rss/articles/CBMirwFBVV95cUxPdEEzMVdJOXF0bGFDMVVsWUhqWmVRTFJreWJhVGIxLTJscXZuczNjdXFBbFJHTGNpVi1YSzFxWU53Tm1MeFo3WlY1ZkZxeVlzMGgwdWtTX3IzZDhWWUxNakxVZ0p2S1kwQVNqclhXU1RvNlpxUkdXdmNGUU1sTmJtbjAtaDFoWkdPUnBQTlNWOTVkQkRmSWhuNnBHUzFueEozZV9aN0I4U29yMFpoaUF30gG8AUFVX3lxTFAwYkFHdFFwNE5kaGp2aUdKMkdzanpqVFJkeURKVzhnMHFYZzhJMGpwZGc5d19Bd2dnNGJ5c2ZVaFZPZGNMUWlPTUtWZ3FRS011S0lSRlA5OFNxZDVzRFlvSjh0ZGRrWTdxeXBPQ0ZsUWQzVDAxbHh0Q01fRVgyVWRURjNoN21mZ1pfdVBUbk5yUFZvamFENDRlTENhdVZfVVBMZ1NKckY3MmgzS0gzY1ExaDdCbGVsNWVwTUVf?oc=5,2026-06-24,0.8641,0.7,0.2523,0.218
2026-06-24,NTPC.NS,NTPC Limited,1,0.8273,17,False,db252c1b5d,Investing.com India (via gnews-rss),India shares higher at close of trade; Nifty 50 up 0.83% By Investing.com - Investing.com India. India shares higher at close of trade; Nifty 50 up 0.83% By Inv,https://news.google.com/rss/articles/CBMirgFBVV95cUxQVVlNZVdIOTFTdWhEMXJCejMtYmFOa2NmeS1pYjg4WmZoZWlxb2FmTlZGbDBuLXAwYTB6Z09aQnNEZzhRYlZGbHR3SUhYNTl1N3ZJZTdlQ240aklHamgwcXJjSHpJTWZPYVNqQTFwLVdFZHZHWFNLbWlxNmhNdkM5RWxpMnhtQlJodlVDdTEtSU9wWWFHY2FnMkZzX0VuRkIzT1hJbC1EQURWSjR1RUE?oc=5,2026-06-24,0.9166,0.5,0.1802,0.1652
2026-06-24,NTPC.NS,NTPC Limited,1,0.8273,17,False,c04f41f105,Business Standard (via gnews-rss),"Banking stocks propel Sensex, Nifty gains as RBI comments boost sentiment - Business Standard. Banking stocks propel Sensex, Nifty gains as RBI comments boost s",https://news.google.com/rss/articles/CBMi1gFBVV95cUxOdS1jZGxySDRzdzN2bnh2bTh3NFdqbmx5ZjBkSlZQa1hQZ1R0SHBuOXlhUEctRmU4ZURKOWhSQXRwN09zeGVyV1psSXZFOFJyVWdsakFHNUl6MlZCdFNVRVZxMkdIVlNVRDdqdmtYUHNxYkdlY0ZXaUY0NEZWOHREeEhTZkdkbnRnVXZDTndKQ0RleGZ1MmsySnhpMzlwbDAzSFVHbm9tMTZNREludnl4NHdTSnFLZ2czcmlMblN6QXpYQjVKZW9jMW81RkNCRnVxMGNNX1Fn0gHbAUFVX3lxTE9BQzBGbFdienhDMi04c2NRaTNmeDZWU2NoUFVjbUVlTUdMYld0cGxKcEVod2pSN2g0R3BJbUxaa2NiZWJQc2c0cXhHSWk4VTVoSkdoUDlINjl3bjJNSjZCbTR2eW1GbXJRRVJfbG5qdXZ4OGI1M0NRMmZzNzI1eGxlNXMtaGxDRWFBV1BTeFp6Q3hEdF9FelRZMmhmMXRkdFZTYThQRk5rbEV4Y1E1Wldic2d0SUhGbXNhTEdNNGRaclhkLUVMWHJzVnZnajJ0U2ZEWjkyV2phd0xMTQ?oc=5,2026-06-24,0.9017,0.16,0.0577,0.052
2026-06-24,NTPC.NS,NTPC Limited,1,0.8273,17,False,a484b150d2,Business Recorder (via gnews-rss),"Banks, softer oil boost Indian shares; RBI eases rate concerns - Business Recorder. Banks, softer oil boost Indian shares; RBI eases rate concerns&nbsp;&nbsp;Bu",https://news.google.com/rss/articles/CBMiVkFVX3lxTE1JY1NSaHBWV2JSUjA5YVl2S2ZqVmh5dW9ySzRESmh3b2RYUDA1dlRCN2N6cjJJeWpVbVJnbUpyZW5LSTZMTWV4M2FWLVNCTE0zczhvTVBR0gFWQVVfeXFMTUljU1JocFZXYlJSMDlhWXZLZmpWaHl1b3JLNERKaHdvZFhQMDV2VEI3Y3pyMkl5alVtUmdtSnJlbktJNkxNZXgzYVYtU0JMTTNzOG9NUFE?oc=5,2026-06-24,0.8424,0.1,0.036,0.0304
2026-06-24,NTPC.NS,NTPC Limited,1,0.8273,17,False,fc5a46a5c5,Moneycontrol.com (via gnews-rss),"Bank Nifty rises 1.5% to reclaim 58,000; HDFC, ICICI Bank lead gains: Here are two reasons - Moneycontrol.com. Bank Nifty rises 1.5% to reclaim 58,000; HDFC, IC",https://news.google.com/rss/articles/CBMi5gFBVV95cUxQSmVxekx4RXd0ZzZEWE1BWVFScVh3S2xnQ0tPRkFSSUJnWExKNF91cEkyc1FvZHlpUXktTllWZTZQN0htVDMyNnFldTlLTjJSdmk5d0hwQmFjdXNjZ3pQZlZ0RXd2Nk01ODlXZElWd2hoNHI1VXcxNDJJeFljcEhGa093UGxDRFU3Qm1yaldwdVY1X0VhR0NwSUQ1b0lDTWp2bVdaNHF2S0NTcV9wU1hTNGtfeXMyNUVONUU1SUd0LVFqeXhHaF9EMWxzUmlHSmtfbS1MSFJSakxvbUJJZVJkMHZlc2E1Z9IB6wFBVV95cUxObVk0QkFZZHFrR1A0amtCLW90VldLLW9YbS1qWmg1cVQwZXlvQW1yeHRyMDZRcFdUdXZqWHZWQlFlUXptTkRrNzlSUF91ZThxZmRhdTVFV2N0NEJPc084MTRwdk5zQlBCcFh1Zlh5Y1c5b2dNeEYwclJZcmdyNXdLWi1KalJHTk5MeWdUV05HZk1LMTVmNmZqeXRJWGxHUEtHelFBQnBHMy1HdV94WFMyVzBqMHR0VmRGYzZHRGxXT0E1MFBRdVJVZ2l2R0JMM2pzbFpFWW1YSjRrdTlWY3BlQm5HRTUxdVdQeW1Z?oc=5,2026-06-24,0.6137,0.096,0.0346,0.0212
2026-06-24,NTPC.NS,NTPC Limited,1,0.8273,17,False,426a3c47e7,Open Magazine (via gnews-rss),"Nifty Tops 24,100, Sensex Rises 291 Points on Positive Global Cues - Open Magazine. Nifty Tops 24,100, Sensex Rises 291 Points on Positive Global Cues&nbsp;&nbs",https://news.google.com/rss/articles/CBMiowFBVV95cUxOTGdVZ3RwY1pISUlsLTBsOUdiNm44ZVB6RFZMQlZrY3VaanpIclRPYWIxUUxfOGFJNnUzd2Z4ZUZleUxDRHBYMGVkYlVQNURlWGtPU3EwOHo4c0o5VlJyaEw2a2FRVVFfTWZSZUFjZFpRTDRKN1hxUHdJS0xieHRyY19sb3l5eEFhU0Q5WVhzcmQtQXB1VXJZeXZZQmxySlFCeHdj?oc=5,2026-06-22,0.835,0.063,0.0227,0.019
2026-06-24,NTPC.NS,NTPC Limited,1,0.8273,17,False,29bbec2a96,Business Standard (via gnews-rss),Vedanta up 3% ahead of listing of four demerged entities; should you buy? - Business Standard. Vedanta up 3% ahead of listing of four demerged entities; should ,https://news.google.com/rss/articles/CBMi5AFBVV95cUxQYWo2MThNQ29TdGhSaUg1WUZETlVVUkloYUsxbGRpdXhZYlBkUjV0UkMzbHByZTJLMWwzLWNpS0NmaHFnQXpxNmw1Ulg1Y25fcS1xRTQ2amRIZ2UyZ19sNWpYTmFLZER0Y0xGRFBZZmtYV2pzUW9jbFBScDBxV1ZfY2ZpY3c5Rnd3VEFZYWdsVzI0Z3RQb2dTY2laNmFtU2lfckd0bVd6U0VnSkcwOVJYaXFqanhoSHJSRlZQQUZjbU1McG4xNThxWTlBVGdSVXlSZ3ZpbDRNRW1pREZVZlhlX1JKUzfSAeoBQVVfeXFMTXRJS2I3emg2cFNCanRVZTdDUjhnZUdCNXpuUElGT2R2SzFweXAwLWlPTkNnMEVGMFM1TVFERWpubzJDZXBZNEtyRmhFNWhMWlNKejVwdERkdXZHZWUwaEN5NUI1MDZ3eUJ0VThKRmRNVXJkVkdLeENpN3E4M0lrd2RlR0JFd2tUc2VnZ1FMOUN3QlBlNTB2VWVha2EwSGJtY0ZWdF8yUXQ2Y1BCb0lyeDJoVkNtd200ZmpzQkhhZGtiNVU0bXB0Tk5CZzBlZV9FR2hhZjU5TzQ0S1htTTcxelh2blBocDd5ZkR3?oc=5,2026-06-12,0.9194,0.05,0.018,0.0166
2026-06-24,NTPC.NS,NTPC Limited,1,0.8273,17,False,7aec273631,CNBC TV18 (via gnews-rss),FIIs post strongest buying since February; DIIs turn sellers on June 19 - CNBC TV18. FIIs post strongest buying since February; DIIs turn sellers on June 19&nbs,https://news.google.com/rss/articles/CBMirwFBVV95cUxNMEhxcTFvUWNSWWJjWkJaN0xzYktDeDM1dlFybVRyOW1BMDVRUHBSbk5ocHFmeGU5cWVJQ1hTU0dEdkRENHRJYmJJampJcEhsYzRHN1hOaVpka2RBODRwcjFHTy1zYy1uOU13QVg4amhyMVhvcXAzWjlOaHJWYWxUdFdtMzJVMk5YYXEtT250d2k3TmRnX2RNT1FldGFOd3RpUlhZdUFEenZFVmcwcHNZ0gG0AUFVX3lxTE11SS1zTXpKWHFWRElFT0hWQlgxaHd3emllU0FPZ2daem52ZS1SVkNieUNwSVNuMVQ5ZVpTWlhTWVJ0RGpOVHhFcHJTYm5GVEZyLTU4TXBEdGk2OUJiV1EzbFpVRUgxSnhQUEh0djI3RWJQNV9BZTRUMkxNdDhtVlVyMlB3Y0s0bnhWYzlkcjV2MkNmeXJER2tGdXFEdWFjeDZNX2tNQVdWNDBJVWR2VDVQUFJSRQ?oc=5,2026-06-19,0.8529,0.0504,0.0182,0.0155
2026-06-24,NTPC.NS,NTPC Limited,1,0.8273,17,False,b113432b8d,India Today (via gnews-rss),Sensex jumps nearly 800 points: Why is stock market rising today? - India Today. Sensex jumps nearly 800 points: Why is stock market rising today?&nbsp;&nbsp;In,https://news.google.com/rss/articles/CBMi8wFBVV95cUxNbFZrbEY1SW5nZjR3bGFOUVNTN0lhY095OG5RR29nSDBCUE15SzJLUXNOeFd3eVZhdFFRQnd5X2RPTFowcUtpeWpub0E1SUU4Z3NOWWRYSS1zWkNGMjhJdUZDa2I1Z3NJcDZHb2RqMnhCZm56UGQ3UUJpRFlLZzdXUlhocnpndElYUkt2cXFKWkRsbDIzczJTOGdCclFNLUdlMW84S3RkVW8wV1dsT3RNS0xPY0ZZTk1KbVJhTTg0bDRQTXJidFRjQ2o0Ri1oMlVDb0lLcE9ZYzMwdTJnZ21VRHMtX1liaTB2Vzl5aFJFY3o5UHfSAfgBQVVfeXFMT19TdDRHYjVMVmJjZ252TlAzTk5NT3U4LUlVVVMwN0FZY0JwRmdjdHY5VjNFYXM3emlBZTloMTJkMmpuRXhkT1FLQXdSMHlta2pGeW9Za2xVX2UyNzhuQ0hadm5ZOHNiYUpvWE50NTJfNjVNZVJoZ1Z1M2ZSSkY2RDNuajlqRDNIczNtWDNQRkhldnVOQ05uc0xrUXNQY3ZSZWtNSmJISTJieGxaVXlkNkoyWXRxTXNubXVWUUJGQjRxVmVfcTRZbmV3V0s0ZGtrTDdJY1RYS0ZManBWdFotLVRPZmtQVGROQ1FFTDdlZlVjaUdyT19fUlk?oc=5,2026-06-24,0.5875,0.06,0.0216,0.0127
2026-06-24,NTPC.NS,NTPC Limited,1,0.8273,17,False,e46d0fa1a1,Upstox (via gnews-rss),Shifting trends: Growing confidence of retail investors in Indian markets - Upstox. Shifting trends: Growing confidence of retail investors in Indian markets&nb,https://news.google.com/rss/articles/CBMizwFBVV95cUxNWGt2eU5aNEJOVnJIams2RGR3WTd2dXl1M05lT1puSU1SSEFPbVdsTmVxNnFiMkNNbFFNQ0lwdjNneUJ1MkJSRUhvY3g2R2kzdzdyMnFqZ0RJLXBUaGdFOUYxbktTZEdwX2lkdnhBRkdSaHJDLUJmdTMzbVU1eU5kSi0weXM3akc2QURiQkM5MVNWVnAwLWpuMmpTdVN5QS1GM25ZMzBtOXFiSUFnUERNSVFndFpRYWdOSGMtUUItd01BMUFuZTFPeEExRkNxWGM?oc=5,2026-06-21,0.8323,0.042,0.0151,0.0126
2026-06-24,NTPC.NS,NTPC Limited,1,0.8273,17,False,b90885998a,Rediff (via gnews-rss),"Stock Markets Today: Sensex, Nifty Gain As Crude Prices Fall, Buying In Blue-chips - Rediff. Stock Markets Today: Sensex, Nifty Gain As Crude Prices Fall, Buyin",https://news.google.com/rss/articles/CBMi0gFBVV95cUxNWllGSXlKdUlPWTdkTi1CbERUd3RHcFY1Q2pJaXBaU3Z0WHk0WnRoeEVxZGZycnB6ZmdfZGJCQzJNWlpPZjhnVGxHTTZaYUg1NC1KSHlRVndtXzFsbTdoWmY2NmxrdFhaX3JnOGdPOTlWeTBWNWtMZFdaOHZ6UTRQU3g0ZGczd2pPVnlRSmtBUTRtaHpmM2s2Ml9TZUxZWDl5REpEZFlQNlRsZDBsVXd2V1RHeEs0amZ2RlJFNE1qMjB3Szh2dERPZ3NEU3h0UjZrVFHSAdQBQVVfeXFMTlU0LWFYdGdWQkFsbld3a19YWHlwb1FjYXJBZzhwVElIZUJKN3JUWU5fSmw0TklSSUwwX21OWE4xdjRFZ20weFZHUFE1dzNoMG14ZGtsZlU5VlJuSlpxak5HVXFvaHg4aWxsVUlYNUZUM2tqaC0yNWo2MVB2UDdySzFKWFFYZUpPSlN5MVJnSjNFNzRTTnVyS291MFd3QzN1ck40ZVdBYzd2M253cGVTTDlRaDQtR3ZLbWhzd2FmcTF2QnFtdE5pUE1pMVUyb3R5eDdqYzQ?oc=5,2026-06-22,0.5282,0.0378,0.0136,0.0072
2026-06-24,NTPC.NS,NTPC Limited,1,0.8273,17,False,3b4ab2c8b5,BusinessLine (via gnews-rss),"Markets rebound as global uncertainty eases; crude falls, RBI calms rate hike concerns - BusinessLine. Markets rebound as global uncertainty eases; crude falls,",https://news.google.com/rss/articles/CBMi4wFBVV95cUxPYlkwWjJUTUI2RVlsdi15cUZvY0s0d3NESmhidFpkV3hGTXZtZ3JKTHdRcFB6WW9mMDIxTEFsQnJfVXZmejczeUh4cWJObHVScW1EMFN2UTNRSWNJWjhXV05URURpMVV2WThPenpvQ2JnXzhMM3JmekNJQUVyZFhpeWxudEVkdHo2M1ZDSzZkT1Y0REFVUE01VmhZYllQWUI0aWpSdlVWbHJLYlcwdEQzaTJxZ0FKWkZNX0dRaVFkRDJiazF6M0RoZ0xtZ01waGIxX2FqX1VGa3dONExndnVkS1ZmTdIB6gFBVV95cUxQXzZkR1pHR1U1TTNnNHRrd0VpaU9rNlhnZ25JUzVnOUhRWklFY0xvRzZFZDh6TmlDOUV5b3pId3ZzN1RyLUUwTks1aEhBVDdXajdVcG9peUl6V3VyVU5zNFRvc0gzNEpQb0lnZHNnLTRYN1A5RmxwbzdBTHhyandNVi1ZNkRaZ1FyZDRZV2pTek5LQVpUS01IOFd0cXNwdmhCcEtwR0ttWTBBLTlfcGs3dWhvUVctZkxtZHdiclk0QllzMW12d2lmdFdHTzJTVXNwYTVGakRvV1ZsMF9HOUQwYUh6Y1NrQUc2Nnc?oc=5,2026-06-24,0.3483,0.048,0.0173,0.006
2026-06-24,NTPC.NS,NTPC Limited,1,0.8273,17,False,4e23d47758,MSN (via gnews-rss),"Sensex, Nifty rebound as US-Iran deal hopes lift sentiment - MSN. Sensex, Nifty rebound as US-Iran deal hopes lift sentiment&nbsp;&nbsp;MSN",https://news.google.com/rss/articles/CBMi8AFBVV95cUxQSERRLWdTWWIxMTk4WEw1ZU9heFFOSUU1T2xkVW1hTUlfZWdhQzlfZ3hiemhqeWJSYk1SYzc0LTBXb0pBZk5LbE5Za2pBa3JHU1dGMVZ3YU83aUZNcTVlczRYdmVIZFA3NEYyVTlFbzVoNVB4RUJ5bzMyNUNGUEMyV0xmNGViZ2Z3am1yd2RYVGZCR1gtYTZTclRvTkpEQUZYTUN5TWJ6R0VJLWhkWkpMbUJBRHVteDY0T0pQXzFnRjltQXdSX1lneHE0TzdWR1BUb2oxMnhGUDZxMXI0cVNaRkppblU4YnZMTVJjaHl3b1E?oc=5,2026-06-14,0.9172,0.0119,0.0043,0.0039
2026-06-24,NTPC.NS,NTPC Limited,1,0.8273,17,False,afee893487,MSN (via gnews-rss),Indian markets rebound as RBI steps in despite FPI outflows - MSN. Indian markets rebound as RBI steps in despite FPI outflows&nbsp;&nbsp;MSN,https://news.google.com/rss/articles/CBMi8wFBVV95cUxOZUVoZHNwbU9NQ2s4REFYV19Uak9XNHdITU4xdHZEbzdwQkZ3WnJMSUpyNGFGTDVPMDREYTM1V1FEVFpPWEh3QVhreUttaS1RaW1kQW44RlpJMmFSMHMtR1dOUWdQNGljb1FxMGJ2NW1YRWdwRzU0T2IyV3B6UFlqam1BOHBtLUI3ODJCQkRRckU4aFdtbTJvdUxfUXQxVDNod1RQVjk3V1ViNUZNMDVQRXQxaEtqNDVOLUlRM1AtZklGbkxOanRoRUlXeDJ0SVQtR3VtM3dXVFp5aXlIM09HOG1qa0l2dWM2VlhwZ2U5LVhUUUU?oc=5,2026-06-14,0.8629,0.0119,0.0043,0.0037
2026-06-24,NTPC.NS,NTPC Limited,1,0.8273,17,False,27973a8fdd,Moneycontrol.com (via gnews-rss),"Foreign investors pump $1.84 billion into Indian bonds in June, highest in 16 months - Moneycontrol.com. Foreign investors pump $1.84 billion into Indian bonds ",https://news.google.com/rss/articles/CBMi4AFBVV95cUxPY2JaZHRUMXJkcEJnb3R2R3BPazZ5dHZ4Tno4a1BaUGhxekdXWnVsWmlSWlBfLWJ0NXZ5TEFhRW1KcjRYX09aeDdiM2psZkE2RTRxbF9sejJqZC03eUlCME5oQnZ4M285QVVLMVZySmtac05YdU0tU08xY000aEFxampwamJjX1oweEZkTndYR1RlWEF0SkgtV29KcG5zRkp0U0lnWm5mV1J4TUVWSElKQTUwRkoxOU9Kdi0zRldkVnNidGl2OUhrYkluREw3b0FoVDdfNTFfRHNQNzIzT1hHTNIB5gFBVV95cUxNdmFpRWN2NWRwaVdJOUpCc3dsbnNCWGVabDIzSWxIQU9HeFNqQ1M3bnZuZG5pUXc4QW84TUdoTktodzlVYnE3SWlrQUZCdFJ2a043T0oxWWpiN2lqV2ZrSXBhQ2dvQmhUa25ySXVwVkJFazduVWE2d2YwQWJmWEM4dmctQlF6cDlSS29XbXozQ0pHRUZfd3NfTW9RT0F3dVhnb0Jjdm55YjNGR2g1YzNDQ3lSQ1FNNTZfM2Zfdl9OZmhIVVBUZXJ0Tkk5RHpRaHllV2Vpby1XYkZ1enhzdUszLWItQ3BtUQ?oc=5,2026-06-15,0.697,0.012,0.0043,0.003
2026-06-24,NTPC.NS,NTPC Limited,1,0.8273,17,False,f1835f3ba8,Telangana Today (via gnews-rss),Indian stock markets end lower as IT shares drag Nifty and Sensex - Telangana Today. Indian stock markets end lower as IT shares drag Nifty and Sensex&nbsp;&nbs,https://news.google.com/rss/articles/CBMilwFBVV95cUxOb0l4NkJpakwzSVN5VkppSk8zdV9GS1g0dDUxZElUcVJ5WUU1UGNxc0EwUVpNMU1mMDA5b2FjeGp2LXp6akx1NksxUEdvTS16OHI2ZktQcjNXRUFsSjdPalBGTmRSNmdxNGctRENaVU9KWk1zY0hTeGw1RXlJaG5EbmxvSFlVUUNrNk9sSlFIYmo2T2pYcm5v?oc=5,2026-06-19,-0.9598,0.0315,0.0114,-0.0109
2026-06-24,ADANIENT.NS,Adani Enterprises,2,0.8131,19,False,3990f405bd,NDTV Profit (via gnews-rss),"Adani AGM 2026: Group Stocks Extend Gains As ACC, Ambuja, Adani Ent, Ports Rise 2-4% - NDTV Profit. Adani AGM 2026: Group Stocks Extend Gains As ACC, Ambuja, Ad",https://news.google.com/rss/articles/CBMizgFBVV95cUxOajVsV1JrekNGeHJqeHd3d0dvSFZqaENzVW5Sb1VyMms2enkxZjJyY0g5cnQ3VmhFaGhIZ0pPaGp3SUNfdFhhb0oxWFZZVzVHSUNTS3ZCMzhodTNtMDk2NUZwSkpKa1MxYzQwVnZzWmJtRnh5bG9WSDhpOG51dFhaZkRjWEgtdXNISmViZ05YMkR4QXJSUnFiYktUamdSY0t6QmJRelZyaVlZOTdOMzhLSUFCMzN2WnRITnpvTVpLNHJHa3VmTm9mQzhLLWFFZ9IB1gFBVV95cUxNeFRWOTl2QXZlZjVKVUhYTzJwMVY1ZzN6c05oMjMtSDB4cXpZa0ZKVlVwNjNGLWxzYWpacm81cUxvMTBYWWpaNlpmbmZPSVBESmdvMXN0OVI1OFRwSmQyZzBNVm91YnlqcFhFWVBpSlk4bkNINzYzWVdYTldFenY5MmRlT3hlQUNEWnNCcjRaOVo4eE9BdVIyYkpfUXd5aHZiMGhNWElCUDFhQlpRNjJiWmlRWHExNl9VZUFPZDVaSDlIREZoYTd0eXlmNFBkWGlhZjdmVXpR?oc=5,2026-06-24,0.9228,0.8,0.3132,0.289
2026-06-24,ADANIENT.NS,Adani Enterprises,2,0.8131,19,False,5b2c48b83a,Upstox (via gnews-rss),"Adani Enterprises, Ports, ACC: Adani Group stocks surge during high-stakes AGM; check key takeaways - Upstox. Adani Enterprises, Ports, ACC: Adani Group stocks ",https://news.google.com/rss/articles/CBMi6gFBVV95cUxNczRReVBpZk9OWUhjT2JRUlB4d0NDb21XZXNsZUl3MjcyX1phZTJqQTlYVUI5TG94X1dabUo0V1NQU1Y4UHVNUTQzckkzS0VMT2tadG1RUmY0MHZ3X0M5c3N4NTIyVEhHeTZxalNybFpmblY2OFZIaEJGZGR1SVhqd2hHZ2N0MGx1NlJMYlNwWE9TdjM0X0dBaHJPWV9aZDJGX0tVYXlTdnRWSkQtRHc1YUlnMkJjaXM1c0ZRN3RMeHNKYkN5Z3M2OFFidU5uRDZYUWR0N3dTRElfVXk3V2FuRW5rVFVyRkMyRmc?oc=5,2026-06-24,0.8062,0.42,0.1644,0.1325
2026-06-24,ADANIENT.NS,Adani Enterprises,2,0.8131,19,False,da69850d35,Business Standard (via gnews-rss),"Adani Enterprises Ltd soars 0.11%, gains for fifth straight session - Business Standard. Adani Enterprises Ltd soars 0.11%, gains for fifth straight session&nbs",https://news.google.com/rss/articles/CBMi4AFBVV95cUxOMmlDTGxUaXpIVlBaUGpRSzVjblh0UDlvNGhnbFp2cjM2cTVnbUhLNmdOZFRfSFlGc1RjOEVkRnEtMGxvNlFEWjBKeEN4c09YcGtRWG5DckJ5OTVSc2J4NWNIXzR3M3ZBd2tReEdPX3pQZmhVV3B2dXR2MFRCMEVrSWlPdEVOMWF5Z3Nab211UnhOS1lZN0hraGM0M2FpcXhxdHg1dDJkdW9jeG9ub2FQdnZpaXVsRGdjU1c0a0tyMU5LWWN6U2RkSkd0Z3A5UlE2Zm9pTUphOThtVjZaV0h3a9IB5gFBVV95cUxQaDc2eXZTWHhBR3ZKRmFUMGFVUjRPaUlHS3hJeURlRVBPYUNIaFRPZFY1d1dZUFNVZTVoTHdDak1NajNobksxLVZJdWhROXJfbkhKRS1zU2gxd2F2Uk5PVlVWM2x5S3Q1SFVoQk9kNHA3R3ZhWkVTUlBaMllhSkVndk1JaXVLSTZZbnRDelhiN0Q0UE9ZZkVSSHQ3ZkdBUmtsOEtoSFZiTVNPOENFV0xPeXc3di1WQmdGcXF5UTg3RkE4blVSZkk0a1ktanljT0h3T1ZCTS1HUVctN3hUVndlb0w2ZGZWUQ?oc=5,2026-06-18,0.9138,0.2,0.0783,0.0715
2026-06-24,ADANIENT.NS,Adani Enterprises,2,0.8131,19,False,bd129dcf93,Reuters (via yfinance),"Electronics firm Jabil raises annual profit forecast on strong data center demand. It expects AI-related revenue to be about $13.6 billion in 2026, $500 million",https://finance.yahoo.com/technology/articles/jabil-raises-annual-profit-forecast-121422742.html,2026-06-17,0.9362,0.1786,0.0699,0.0654
2026-06-24,ADANIENT.NS,Adani Enterprises,2,0.8131,19,False,c04f41f105,Business Standard (via gnews-rss),"Banking stocks propel Sensex, Nifty gains as RBI comments boost sentiment - Business Standard. Banking stocks propel Sensex, Nifty gains as RBI comments boost s",https://news.google.com/rss/articles/CBMi1gFBVV95cUxOdS1jZGxySDRzdzN2bnh2bTh3NFdqbmx5ZjBkSlZQa1hQZ1R0SHBuOXlhUEctRmU4ZURKOWhSQXRwN09zeGVyV1psSXZFOFJyVWdsakFHNUl6MlZCdFNVRVZxMkdIVlNVRDdqdmtYUHNxYkdlY0ZXaUY0NEZWOHREeEhTZkdkbnRnVXZDTndKQ0RleGZ1MmsySnhpMzlwbDAzSFVHbm9tMTZNREludnl4NHdTSnFLZ2czcmlMblN6QXpYQjVKZW9jMW81RkNCRnVxMGNNX1Fn0gHbAUFVX3lxTE9BQzBGbFdienhDMi04c2NRaTNmeDZWU2NoUFVjbUVlTUdMYld0cGxKcEVod2pSN2g0R3BJbUxaa2NiZWJQc2c0cXhHSWk4VTVoSkdoUDlINjl3bjJNSjZCbTR2eW1GbXJRRVJfbG5qdXZ4OGI1M0NRMmZzNzI1eGxlNXMtaGxDRWFBV1BTeFp6Q3hEdF9FelRZMmhmMXRkdFZTYThQRk5rbEV4Y1E1Wldic2d0SUhGbXNhTEdNNGRaclhkLUVMWHJzVnZnajJ0U2ZEWjkyV2phd0xMTQ?oc=5,2026-06-24,0.9017,0.16,0.0626,0.0565
2026-06-24,ADANIENT.NS,Adani Enterprises,2,0.8131,19,False,6abc8a86e1,Reuters (via yfinance),"Apple supplier Jabil, Adani partner to build AI data center infra platform in India . June 15 (Reuters) - Electronics manufacturer Jabil and India's Adani Enter",https://sg.finance.yahoo.com/news/apple-supplier-jabil-adani-partner-135529027.html,2026-06-15,0.911,0.1125,0.044,0.0401
2026-06-24,ADANIENT.NS,Adani Enterprises,2,0.8131,19,False,a484b150d2,Business Recorder (via gnews-rss),"Banks, softer oil boost Indian shares; RBI eases rate concerns - Business Recorder. Banks, softer oil boost Indian shares; RBI eases rate concerns&nbsp;&nbsp;Bu",https://news.google.com/rss/articles/CBMiVkFVX3lxTE1JY1NSaHBWV2JSUjA5YVl2S2ZqVmh5dW9ySzRESmh3b2RYUDA1dlRCN2N6cjJJeWpVbVJnbUpyZW5LSTZMTWV4M2FWLVNCTE0zczhvTVBR0gFWQVVfeXFMTUljU1JocFZXYlJSMDlhWXZLZmpWaHl1b3JLNERKaHdvZFhQMDV2VEI3Y3pyMkl5alVtUmdtSnJlbktJNkxNZXgzYVYtU0JMTTNzOG9NUFE?oc=5,2026-06-24,0.8424,0.1,0.0391,0.033
2026-06-24,ADANIENT.NS,Adani Enterprises,2,0.8131,19,False,fc5a46a5c5,Moneycontrol.com (via gnews-rss),"Bank Nifty rises 1.5% to reclaim 58,000; HDFC, ICICI Bank lead gains: Here are two reasons - Moneycontrol.com. Bank Nifty rises 1.5% to reclaim 58,000; HDFC, IC",https://news.google.com/rss/articles/CBMi5gFBVV95cUxQSmVxekx4RXd0ZzZEWE1BWVFScVh3S2xnQ0tPRkFSSUJnWExKNF91cEkyc1FvZHlpUXktTllWZTZQN0htVDMyNnFldTlLTjJSdmk5d0hwQmFjdXNjZ3pQZlZ0RXd2Nk01ODlXZElWd2hoNHI1VXcxNDJJeFljcEhGa093UGxDRFU3Qm1yaldwdVY1X0VhR0NwSUQ1b0lDTWp2bVdaNHF2S0NTcV9wU1hTNGtfeXMyNUVONUU1SUd0LVFqeXhHaF9EMWxzUmlHSmtfbS1MSFJSakxvbUJJZVJkMHZlc2E1Z9IB6wFBVV95cUxObVk0QkFZZHFrR1A0amtCLW90VldLLW9YbS1qWmg1cVQwZXlvQW1yeHRyMDZRcFdUdXZqWHZWQlFlUXptTkRrNzlSUF91ZThxZmRhdTVFV2N0NEJPc084MTRwdk5zQlBCcFh1Zlh5Y1c5b2dNeEYwclJZcmdyNXdLWi1KalJHTk5MeWdUV05HZk1LMTVmNmZqeXRJWGxHUEtHelFBQnBHMy1HdV94WFMyVzBqMHR0VmRGYzZHRGxXT0E1MFBRdVJVZ2l2R0JMM2pzbFpFWW1YSjRrdTlWY3BlQm5HRTUxdVdQeW1Z?oc=5,2026-06-24,0.6137,0.096,0.0376,0.0231
2026-06-24,ADANIENT.NS,Adani Enterprises,2,0.8131,19,False,ddde15d89c,Business Today (via gnews-rss),Adani Enterprises shares scale new 52-week high; is it time to book profits? - Business Today. Adani Enterprises shares scale new 52-week high; is it time to bo,https://news.google.com/rss/articles/CBMi2gFBVV95cUxNWkM4a01ycXpuLUhsTndYQkt2SzRnaDROckNaUWVCUV9mMGVSX3BQMXpYeWRhaUNsNk0yT2w2Z25MY0xLYk90UmV4SEl1UVh5VzFmWmdSWDNKN1hoYU01aHB5RW5HWXNRM2w0c0hTRU5MeFlUeThDaXlYU0Y1bXY4eTFmd0tsV1JfaFo1WXZ0YlFTUG0tYS1Ucld0WjR0ZlhjWEZlZThoLTM5WE1XZW1fMlJ0R3lwR0ZfdjkzTUNWVTdXUmg2SDhoT1gtdy1XMW5jakVYcFhSMWpOZ9IB3wFBVV95cUxOVkUxTWZUM2Z5YzB0RThRVVdoZG9GZUNZRm5kX2F0azI3RTUydjIwc29VYmoyRWJqdWpvd0VvUm1fdlBFbVdyUUdMNUxSVEpDakVSRVpiMXlobTZQTWxqT2FxRmsyV0hwYjlLTGZ2bHJUTjdtQUZ3WGJEN29nNWk2MG4xSG9BY0Vod3hqbnNISFUwMkg5RS1iWFJQVmdKcXZfR0xMZWNfMFZPcGxYLWNzTVotb283MFNjSEgyNU9JeVAwczdmZHhVaHotc2dFSUdOeGFpay1RODB4ZmVzMmd3?oc=5,2026-06-23,0.4919,0.1191,0.0466,0.0229
2026-06-24,ADANIENT.NS,Adani Enterprises,2,0.8131,19,False,426a3c47e7,Open Magazine (via gnews-rss),"Nifty Tops 24,100, Sensex Rises 291 Points on Positive Global Cues - Open Magazine. Nifty Tops 24,100, Sensex Rises 291 Points on Positive Global Cues&nbsp;&nbs",https://news.google.com/rss/articles/CBMiowFBVV95cUxOTGdVZ3RwY1pISUlsLTBsOUdiNm44ZVB6RFZMQlZrY3VaanpIclRPYWIxUUxfOGFJNnUzd2Z4ZUZleUxDRHBYMGVkYlVQNURlWGtPU3EwOHo4c0o5VlJyaEw2a2FRVVFfTWZSZUFjZFpRTDRKN1hxUHdJS0xieHRyY19sb3l5eEFhU0Q5WVhzcmQtQXB1VXJZeXZZQmxySlFCeHdj?oc=5,2026-06-22,0.835,0.063,0.0247,0.0206
2026-06-24,ADANIENT.NS,Adani Enterprises,2,0.8131,19,False,7aec273631,CNBC TV18 (via gnews-rss),FIIs post strongest buying since February; DIIs turn sellers on June 19 - CNBC TV18. FIIs post strongest buying since February; DIIs turn sellers on June 19&nbs,https://news.google.com/rss/articles/CBMirwFBVV95cUxNMEhxcTFvUWNSWWJjWkJaN0xzYktDeDM1dlFybVRyOW1BMDVRUHBSbk5ocHFmeGU5cWVJQ1hTU0dEdkRENHRJYmJJampJcEhsYzRHN1hOaVpka2RBODRwcjFHTy1zYy1uOU13QVg4amhyMVhvcXAzWjlOaHJWYWxUdFdtMzJVMk5YYXEtT250d2k3TmRnX2RNT1FldGFOd3RpUlhZdUFEenZFVmcwcHNZ0gG0AUFVX3lxTE11SS1zTXpKWHFWRElFT0hWQlgxaHd3emllU0FPZ2daem52ZS1SVkNieUNwSVNuMVQ5ZVpTWlhTWVJ0RGpOVHhFcHJTYm5GVEZyLTU4TXBEdGk2OUJiV1EzbFpVRUgxSnhQUEh0djI3RWJQNV9BZTRUMkxNdDhtVlVyMlB3Y0s0bnhWYzlkcjV2MkNmeXJER2tGdXFEdWFjeDZNX2tNQVdWNDBJVWR2VDVQUFJSRQ?oc=5,2026-06-19,0.8529,0.0504,0.0197,0.0168
2026-06-24,ADANIENT.NS,Adani Enterprises,2,0.8131,19,False,b113432b8d,India Today (via gnews-rss),Sensex jumps nearly 800 points: Why is stock market rising today? - India Today. Sensex jumps nearly 800 points: Why is stock market rising today?&nbsp;&nbsp;In,https://news.google.com/rss/articles/CBMi8wFBVV95cUxNbFZrbEY1SW5nZjR3bGFOUVNTN0lhY095OG5RR29nSDBCUE15SzJLUXNOeFd3eVZhdFFRQnd5X2RPTFowcUtpeWpub0E1SUU4Z3NOWWRYSS1zWkNGMjhJdUZDa2I1Z3NJcDZHb2RqMnhCZm56UGQ3UUJpRFlLZzdXUlhocnpndElYUkt2cXFKWkRsbDIzczJTOGdCclFNLUdlMW84S3RkVW8wV1dsT3RNS0xPY0ZZTk1KbVJhTTg0bDRQTXJidFRjQ2o0Ri1oMlVDb0lLcE9ZYzMwdTJnZ21VRHMtX1liaTB2Vzl5aFJFY3o5UHfSAfgBQVVfeXFMT19TdDRHYjVMVmJjZ252TlAzTk5NT3U4LUlVVVMwN0FZY0JwRmdjdHY5VjNFYXM3emlBZTloMTJkMmpuRXhkT1FLQXdSMHlta2pGeW9Za2xVX2UyNzhuQ0hadm5ZOHNiYUpvWE50NTJfNjVNZVJoZ1Z1M2ZSSkY2RDNuajlqRDNIczNtWDNQRkhldnVOQ05uc0xrUXNQY3ZSZWtNSmJISTJieGxaVXlkNkoyWXRxTXNubXVWUUJGQjRxVmVfcTRZbmV3V0s0ZGtrTDdJY1RYS0ZManBWdFotLVRPZmtQVGROQ1FFTDdlZlVjaUdyT19fUlk?oc=5,2026-06-24,0.5875,0.06,0.0235,0.0138
2026-06-24,ADANIENT.NS,Adani Enterprises,2,0.8131,19,False,e46d0fa1a1,Upstox (via gnews-rss),Shifting trends: Growing confidence of retail investors in Indian markets - Upstox. Shifting trends: Growing confidence of retail investors in Indian markets&nb,https://news.google.com/rss/articles/CBMizwFBVV95cUxNWGt2eU5aNEJOVnJIams2RGR3WTd2dXl1M05lT1puSU1SSEFPbVdsTmVxNnFiMkNNbFFNQ0lwdjNneUJ1MkJSRUhvY3g2R2kzdzdyMnFqZ0RJLXBUaGdFOUYxbktTZEdwX2lkdnhBRkdSaHJDLUJmdTMzbVU1eU5kSi0weXM3akc2QURiQkM5MVNWVnAwLWpuMmpTdVN5QS1GM25ZMzBtOXFiSUFnUERNSVFndFpRYWdOSGMtUUItd01BMUFuZTFPeEExRkNxWGM?oc=5,2026-06-21,0.8323,0.042,0.0164,0.0137
2026-06-24,ADANIENT.NS,Adani Enterprises,2,0.8131,19,False,b90885998a,Rediff (via gnews-rss),"Stock Markets Today: Sensex, Nifty Gain As Crude Prices Fall, Buying In Blue-chips - Rediff. Stock Markets Today: Sensex, Nifty Gain As Crude Prices Fall, Buyin",https://news.google.com/rss/articles/CBMi0gFBVV95cUxNWllGSXlKdUlPWTdkTi1CbERUd3RHcFY1Q2pJaXBaU3Z0WHk0WnRoeEVxZGZycnB6ZmdfZGJCQzJNWlpPZjhnVGxHTTZaYUg1NC1KSHlRVndtXzFsbTdoWmY2NmxrdFhaX3JnOGdPOTlWeTBWNWtMZFdaOHZ6UTRQU3g0ZGczd2pPVnlRSmtBUTRtaHpmM2s2Ml9TZUxZWDl5REpEZFlQNlRsZDBsVXd2V1RHeEs0amZ2RlJFNE1qMjB3Szh2dERPZ3NEU3h0UjZrVFHSAdQBQVVfeXFMTlU0LWFYdGdWQkFsbld3a19YWHlwb1FjYXJBZzhwVElIZUJKN3JUWU5fSmw0TklSSUwwX21OWE4xdjRFZ20weFZHUFE1dzNoMG14ZGtsZlU5VlJuSlpxak5HVXFvaHg4aWxsVUlYNUZUM2tqaC0yNWo2MVB2UDdySzFKWFFYZUpPSlN5MVJnSjNFNzRTTnVyS291MFd3QzN1ck40ZVdBYzd2M253cGVTTDlRaDQtR3ZLbWhzd2FmcTF2QnFtdE5pUE1pMVUyb3R5eDdqYzQ?oc=5,2026-06-22,0.5282,0.0378,0.0148,0.0078
2026-06-24,ADANIENT.NS,Adani Enterprises,2,0.8131,19,False,3b4ab2c8b5,BusinessLine (via gnews-rss),"Markets rebound as global uncertainty eases; crude falls, RBI calms rate hike concerns - BusinessLine. Markets rebound as global uncertainty eases; crude falls,",https://news.google.com/rss/articles/CBMi4wFBVV95cUxPYlkwWjJUTUI2RVlsdi15cUZvY0s0d3NESmhidFpkV3hGTXZtZ3JKTHdRcFB6WW9mMDIxTEFsQnJfVXZmejczeUh4cWJObHVScW1EMFN2UTNRSWNJWjhXV05URURpMVV2WThPenpvQ2JnXzhMM3JmekNJQUVyZFhpeWxudEVkdHo2M1ZDSzZkT1Y0REFVUE01VmhZYllQWUI0aWpSdlVWbHJLYlcwdEQzaTJxZ0FKWkZNX0dRaVFkRDJiazF6M0RoZ0xtZ01waGIxX2FqX1VGa3dONExndnVkS1ZmTdIB6gFBVV95cUxQXzZkR1pHR1U1TTNnNHRrd0VpaU9rNlhnZ25JUzVnOUhRWklFY0xvRzZFZDh6TmlDOUV5b3pId3ZzN1RyLUUwTks1aEhBVDdXajdVcG9peUl6V3VyVU5zNFRvc0gzNEpQb0lnZHNnLTRYN1A5RmxwbzdBTHhyandNVi1ZNkRaZ1FyZDRZV2pTek5LQVpUS01IOFd0cXNwdmhCcEtwR0ttWTBBLTlfcGs3dWhvUVctZkxtZHdiclk0QllzMW12d2lmdFdHTzJTVXNwYTVGakRvV1ZsMF9HOUQwYUh6Y1NrQUc2Nnc?oc=5,2026-06-24,0.3483,0.048,0.0188,0.0065
2026-06-24,ADANIENT.NS,Adani Enterprises,2,0.8131,19,False,4e23d47758,MSN (via gnews-rss),"Sensex, Nifty rebound as US-Iran deal hopes lift sentiment - MSN. Sensex, Nifty rebound as US-Iran deal hopes lift sentiment&nbsp;&nbsp;MSN",https://news.google.com/rss/articles/CBMi8AFBVV95cUxQSERRLWdTWWIxMTk4WEw1ZU9heFFOSUU1T2xkVW1hTUlfZWdhQzlfZ3hiemhqeWJSYk1SYzc0LTBXb0pBZk5LbE5Za2pBa3JHU1dGMVZ3YU83aUZNcTVlczRYdmVIZFA3NEYyVTlFbzVoNVB4RUJ5bzMyNUNGUEMyV0xmNGViZ2Z3am1yd2RYVGZCR1gtYTZTclRvTkpEQUZYTUN5TWJ6R0VJLWhkWkpMbUJBRHVteDY0T0pQXzFnRjltQXdSX1lneHE0TzdWR1BUb2oxMnhGUDZxMXI0cVNaRkppblU4YnZMTVJjaHl3b1E?oc=5,2026-06-14,0.9172,0.0119,0.0047,0.0043
2026-06-24,ADANIENT.NS,Adani Enterprises,2,0.8131,19,False,afee893487,MSN (via gnews-rss),Indian markets rebound as RBI steps in despite FPI outflows - MSN. Indian markets rebound as RBI steps in despite FPI outflows&nbsp;&nbsp;MSN,https://news.google.com/rss/articles/CBMi8wFBVV95cUxOZUVoZHNwbU9NQ2s4REFYV19Uak9XNHdITU4xdHZEbzdwQkZ3WnJMSUpyNGFGTDVPMDREYTM1V1FEVFpPWEh3QVhreUttaS1RaW1kQW44RlpJMmFSMHMtR1dOUWdQNGljb1FxMGJ2NW1YRWdwRzU0T2IyV3B6UFlqam1BOHBtLUI3ODJCQkRRckU4aFdtbTJvdUxfUXQxVDNod1RQVjk3V1ViNUZNMDVQRXQxaEtqNDVOLUlRM1AtZklGbkxOanRoRUlXeDJ0SVQtR3VtM3dXVFp5aXlIM09HOG1qa0l2dWM2VlhwZ2U5LVhUUUU?oc=5,2026-06-14,0.8629,0.0119,0.0047,0.004
2026-06-24,ADANIENT.NS,Adani Enterprises,2,0.8131,19,False,27973a8fdd,Moneycontrol.com (via gnews-rss),"Foreign investors pump $1.84 billion into Indian bonds in June, highest in 16 months - Moneycontrol.com. Foreign investors pump $1.84 billion into Indian bonds ",https://news.google.com/rss/articles/CBMi4AFBVV95cUxPY2JaZHRUMXJkcEJnb3R2R3BPazZ5dHZ4Tno4a1BaUGhxekdXWnVsWmlSWlBfLWJ0NXZ5TEFhRW1KcjRYX09aeDdiM2psZkE2RTRxbF9sejJqZC03eUlCME5oQnZ4M285QVVLMVZySmtac05YdU0tU08xY000aEFxampwamJjX1oweEZkTndYR1RlWEF0SkgtV29KcG5zRkp0U0lnWm5mV1J4TUVWSElKQTUwRkoxOU9Kdi0zRldkVnNidGl2OUhrYkluREw3b0FoVDdfNTFfRHNQNzIzT1hHTNIB5gFBVV95cUxNdmFpRWN2NWRwaVdJOUpCc3dsbnNCWGVabDIzSWxIQU9HeFNqQ1M3bnZuZG5pUXc4QW84TUdoTktodzlVYnE3SWlrQUZCdFJ2a043T0oxWWpiN2lqV2ZrSXBhQ2dvQmhUa25ySXVwVkJFazduVWE2d2YwQWJmWEM4dmctQlF6cDlSS29XbXozQ0pHRUZfd3NfTW9RT0F3dVhnb0Jjdm55YjNGR2g1YzNDQ3lSQ1FNNTZfM2Zfdl9OZmhIVVBUZXJ0Tkk5RHpRaHllV2Vpby1XYkZ1enhzdUszLWItQ3BtUQ?oc=5,2026-06-15,0.697,0.012,0.0047,0.0033
2026-06-24,ADANIENT.NS,Adani Enterprises,2,0.8131,19,False,f1835f3ba8,Telangana Today (via gnews-rss),Indian stock markets end lower as IT shares drag Nifty and Sensex - Telangana Today. Indian stock markets end lower as IT shares drag Nifty and Sensex&nbsp;&nbs,https://news.google.com/rss/articles/CBMilwFBVV95cUxOb0l4NkJpakwzSVN5VkppSk8zdV9GS1g0dDUxZElUcVJ5WUU1UGNxc0EwUVpNMU1mMDA5b2FjeGp2LXp6akx1NksxUEdvTS16OHI2ZktQcjNXRUFsSjdPalBGTmRSNmdxNGctRENaVU9KWk1zY0hTeGw1RXlJaG5EbmxvSFlVUUNrNk9sSlFIYmo2T2pYcm5v?oc=5,2026-06-19,-0.9598,0.0315,0.0123,-0.0118
2026-06-24,CIPLA.NS,Cipla,3,0.8044,15,False,bd3d99f78a,NDTV Profit (via gnews-rss),Cipla Share Price Gains 4% As Citi Maintains Bullish Stance For 90-Day Momentum: Check Target Price - NDTV Profit. Cipla Share Price Gains 4% As Citi Maintains ,https://news.google.com/rss/articles/CBMi5AFBVV95cUxOcVN0RzNaWGhwSTRTVE9IazgwTDh2RmtWQlU1TGJOTTUzUGNCbWpXYWdpcHpaZk1HcFRoN05KMHpBODJ2LVhZaUFVUkRPb3FWZVRtT1Q2ZVZtY1RqVXhlQlBjY0dkdzhOSW81WXRzZV8tXzVNQzhhQ0hLYU9KV0lzVFY5ZU9Hb3RTSjF6NThpakRUdFo3Q1I2WWxqTTg1THctY0RXOXpySEpkdGtNZHFxVlo0Qk5POXRkclZvTDFIR0Z3QVZsU1BuVURaeDdFRkE5SVpwV3drRGZ3RUkyM1NrVlN4S3fSAewBQVVfeXFMTWJUbTR0RjVyUFZBTzUtaWthZjFJQi0tZ191cS1oeHlFMHdQMkFLQkZXSUx4RmJ1ZFVadmZaZExWU3QzWGNSMXJWMm0yNlRrdzRuaHE4SWoyWGI4blp5dWdXSERlTXhLLW9kUGhTUXA4cktrY1p4QmZ4Rk54NF9mRk5zNy00UmtyY0c3WXNwTHJwOGdXeVpRWVYydDFjYllMQkNoWjRoeXM5U0xfTHdqdk5SbzRsaXE0WE84eEdma1BVZXN5UFdVV1NES2FEZ3drbHMtdDF6N1VOdTlvZlczMmw2STBBVWEwODFfRU8?oc=5,2026-06-22,0.9171,0.504,0.3265,0.2995
2026-06-24,CIPLA.NS,Cipla,3,0.8044,15,False,131589f583,HDFC Sky (via gnews-rss),"Cipla Share Surges Over 4%; Leadership Revamp, and ESOP Grant Bolster Bullish Case - HDFC Sky. Cipla Share Surges Over 4%; Leadership Revamp, and ESOP Grant Bol",https://news.google.com/rss/articles/CBMigwFBVV95cUxQZlUzWklOYUo4Zm9iNG9GNzFIQl82UXdJUUV4TEJNY3ZDUjIwYm8xc2RyQ2tfX1hHUUdnVDR3anducEZUSTdRZWNlNV9abTdYRjJ6clVWb3Y5SFo2NTRtT3JldlI0Y1FiamRHVkdHWGZtUFg4eF9RclRnN2xqU3kybk4zZw?oc=5,2026-06-22,0.9209,0.315,0.2041,0.1879
2026-06-24,CIPLA.NS,Cipla,3,0.8044,15,False,c04f41f105,Business Standard (via gnews-rss),"Banking stocks propel Sensex, Nifty gains as RBI comments boost sentiment - Business Standard. Banking stocks propel Sensex, Nifty gains as RBI comments boost s",https://news.google.com/rss/articles/CBMi1gFBVV95cUxOdS1jZGxySDRzdzN2bnh2bTh3NFdqbmx5ZjBkSlZQa1hQZ1R0SHBuOXlhUEctRmU4ZURKOWhSQXRwN09zeGVyV1psSXZFOFJyVWdsakFHNUl6MlZCdFNVRVZxMkdIVlNVRDdqdmtYUHNxYkdlY0ZXaUY0NEZWOHREeEhTZkdkbnRnVXZDTndKQ0RleGZ1MmsySnhpMzlwbDAzSFVHbm9tMTZNREludnl4NHdTSnFLZ2czcmlMblN6QXpYQjVKZW9jMW81RkNCRnVxMGNNX1Fn0gHbAUFVX3lxTE9BQzBGbFdienhDMi04c2NRaTNmeDZWU2NoUFVjbUVlTUdMYld0cGxKcEVod2pSN2g0R3BJbUxaa2NiZWJQc2c0cXhHSWk4VTVoSkdoUDlINjl3bjJNSjZCbTR2eW1GbXJRRVJfbG5qdXZ4OGI1M0NRMmZzNzI1eGxlNXMtaGxDRWFBV1BTeFp6Q3hEdF9FelRZMmhmMXRkdFZTYThQRk5rbEV4Y1E1Wldic2d0SUhGbXNhTEdNNGRaclhkLUVMWHJzVnZnajJ0U2ZEWjkyV2phd0xMTQ?oc=5,2026-06-24,0.9017,0.16,0.1037,0.0935
2026-06-24,CIPLA.NS,Cipla,3,0.8044,15,False,a484b150d2,Business Recorder (via gnews-rss),"Banks, softer oil boost Indian shares; RBI eases rate concerns - Business Recorder. Banks, softer oil boost Indian shares; RBI eases rate concerns&nbsp;&nbsp;Bu",https://news.google.com/rss/articles/CBMiVkFVX3lxTE1JY1NSaHBWV2JSUjA5YVl2S2ZqVmh5dW9ySzRESmh3b2RYUDA1dlRCN2N6cjJJeWpVbVJnbUpyZW5LSTZMTWV4M2FWLVNCTE0zczhvTVBR0gFWQVVfeXFMTUljU1JocFZXYlJSMDlhWXZLZmpWaHl1b3JLNERKaHdvZFhQMDV2VEI3Y3pyMkl5alVtUmdtSnJlbktJNkxNZXgzYVYtU0JMTTNzOG9NUFE?oc=5,2026-06-24,0.8424,0.1,0.0648,0.0546
2026-06-24,CIPLA.NS,Cipla,3,0.8044,15,False,fc5a46a5c5,Moneycontrol.com (via gnews-rss),"Bank Nifty rises 1.5% to reclaim 58,000; HDFC, ICICI Bank lead gains: Here are two reasons - Moneycontrol.com. Bank Nifty rises 1.5% to reclaim 58,000; HDFC, IC",https://news.google.com/rss/articles/CBMi5gFBVV95cUxQSmVxekx4RXd0ZzZEWE1BWVFScVh3S2xnQ0tPRkFSSUJnWExKNF91cEkyc1FvZHlpUXktTllWZTZQN0htVDMyNnFldTlLTjJSdmk5d0hwQmFjdXNjZ3pQZlZ0RXd2Nk01ODlXZElWd2hoNHI1VXcxNDJJeFljcEhGa093UGxDRFU3Qm1yaldwdVY1X0VhR0NwSUQ1b0lDTWp2bVdaNHF2S0NTcV9wU1hTNGtfeXMyNUVONUU1SUd0LVFqeXhHaF9EMWxzUmlHSmtfbS1MSFJSakxvbUJJZVJkMHZlc2E1Z9IB6wFBVV95cUxObVk0QkFZZHFrR1A0amtCLW90VldLLW9YbS1qWmg1cVQwZXlvQW1yeHRyMDZRcFdUdXZqWHZWQlFlUXptTkRrNzlSUF91ZThxZmRhdTVFV2N0NEJPc084MTRwdk5zQlBCcFh1Zlh5Y1c5b2dNeEYwclJZcmdyNXdLWi1KalJHTk5MeWdUV05HZk1LMTVmNmZqeXRJWGxHUEtHelFBQnBHMy1HdV94WFMyVzBqMHR0VmRGYzZHRGxXT0E1MFBRdVJVZ2l2R0JMM2pzbFpFWW1YSjRrdTlWY3BlQm5HRTUxdVdQeW1Z?oc=5,2026-06-24,0.6137,0.096,0.0622,0.0382
2026-06-24,CIPLA.NS,Cipla,3,0.8044,15,False,426a3c47e7,Open Magazine (via gnews-rss),"Nifty Tops 24,100, Sensex Rises 291 Points on Positive Global Cues - Open Magazine. Nifty Tops 24,100, Sensex Rises 291 Points on Positive Global Cues&nbsp;&nbs",https://news.google.com/rss/articles/CBMiowFBVV95cUxOTGdVZ3RwY1pISUlsLTBsOUdiNm44ZVB6RFZMQlZrY3VaanpIclRPYWIxUUxfOGFJNnUzd2Z4ZUZleUxDRHBYMGVkYlVQNURlWGtPU3EwOHo4c0o5VlJyaEw2a2FRVVFfTWZSZUFjZFpRTDRKN1hxUHdJS0xieHRyY19sb3l5eEFhU0Q5WVhzcmQtQXB1VXJZeXZZQmxySlFCeHdj?oc=5,2026-06-22,0.835,0.063,0.0408,0.0341
2026-06-24,CIPLA.NS,Cipla,3,0.8044,15,False,7aec273631,CNBC TV18 (via gnews-rss),FIIs post strongest buying since February; DIIs turn sellers on June 19 - CNBC TV18. FIIs post strongest buying since February; DIIs turn sellers on June 19&nbs,https://news.google.com/rss/articles/CBMirwFBVV95cUxNMEhxcTFvUWNSWWJjWkJaN0xzYktDeDM1dlFybVRyOW1BMDVRUHBSbk5ocHFmeGU5cWVJQ1hTU0dEdkRENHRJYmJJampJcEhsYzRHN1hOaVpka2RBODRwcjFHTy1zYy1uOU13QVg4amhyMVhvcXAzWjlOaHJWYWxUdFdtMzJVMk5YYXEtT250d2k3TmRnX2RNT1FldGFOd3RpUlhZdUFEenZFVmcwcHNZ0gG0AUFVX3lxTE11SS1zTXpKWHFWRElFT0hWQlgxaHd3emllU0FPZ2daem52ZS1SVkNieUNwSVNuMVQ5ZVpTWlhTWVJ0RGpOVHhFcHJTYm5GVEZyLTU4TXBEdGk2OUJiV1EzbFpVRUgxSnhQUEh0djI3RWJQNV9BZTRUMkxNdDhtVlVyMlB3Y0s0bnhWYzlkcjV2MkNmeXJER2tGdXFEdWFjeDZNX2tNQVdWNDBJVWR2VDVQUFJSRQ?oc=5,2026-06-19,0.8529,0.0504,0.0327,0.0278
2026-06-24,CIPLA.NS,Cipla,3,0.8044,15,False,b113432b8d,India Today (via gnews-rss),Sensex jumps nearly 800 points: Why is stock market rising today? - India Today. Sensex jumps nearly 800 points: Why is stock market rising today?&nbsp;&nbsp;In,https://news.google.com/rss/articles/CBMi8wFBVV95cUxNbFZrbEY1SW5nZjR3bGFOUVNTN0lhY095OG5RR29nSDBCUE15SzJLUXNOeFd3eVZhdFFRQnd5X2RPTFowcUtpeWpub0E1SUU4Z3NOWWRYSS1zWkNGMjhJdUZDa2I1Z3NJcDZHb2RqMnhCZm56UGQ3UUJpRFlLZzdXUlhocnpndElYUkt2cXFKWkRsbDIzczJTOGdCclFNLUdlMW84S3RkVW8wV1dsT3RNS0xPY0ZZTk1KbVJhTTg0bDRQTXJidFRjQ2o0Ri1oMlVDb0lLcE9ZYzMwdTJnZ21VRHMtX1liaTB2Vzl5aFJFY3o5UHfSAfgBQVVfeXFMT19TdDRHYjVMVmJjZ252TlAzTk5NT3U4LUlVVVMwN0FZY0JwRmdjdHY5VjNFYXM3emlBZTloMTJkMmpuRXhkT1FLQXdSMHlta2pGeW9Za2xVX2UyNzhuQ0hadm5ZOHNiYUpvWE50NTJfNjVNZVJoZ1Z1M2ZSSkY2RDNuajlqRDNIczNtWDNQRkhldnVOQ05uc0xrUXNQY3ZSZWtNSmJISTJieGxaVXlkNkoyWXRxTXNubXVWUUJGQjRxVmVfcTRZbmV3V0s0ZGtrTDdJY1RYS0ZManBWdFotLVRPZmtQVGROQ1FFTDdlZlVjaUdyT19fUlk?oc=5,2026-06-24,0.5875,0.06,0.0389,0.0228
2026-06-24,CIPLA.NS,Cipla,3,0.8044,15,False,e46d0fa1a1,Upstox (via gnews-rss),Shifting trends: Growing confidence of retail investors in Indian markets - Upstox. Shifting trends: Growing confidence of retail investors in Indian markets&nb,https://news.google.com/rss/articles/CBMizwFBVV95cUxNWGt2eU5aNEJOVnJIams2RGR3WTd2dXl1M05lT1puSU1SSEFPbVdsTmVxNnFiMkNNbFFNQ0lwdjNneUJ1MkJSRUhvY3g2R2kzdzdyMnFqZ0RJLXBUaGdFOUYxbktTZEdwX2lkdnhBRkdSaHJDLUJmdTMzbVU1eU5kSi0weXM3akc2QURiQkM5MVNWVnAwLWpuMmpTdVN5QS1GM25ZMzBtOXFiSUFnUERNSVFndFpRYWdOSGMtUUItd01BMUFuZTFPeEExRkNxWGM?oc=5,2026-06-21,0.8323,0.042,0.0272,0.0226
2026-06-24,CIPLA.NS,Cipla,3,0.8044,15,False,b90885998a,Rediff (via gnews-rss),"Stock Markets Today: Sensex, Nifty Gain As Crude Prices Fall, Buying In Blue-chips - Rediff. Stock Markets Today: Sensex, Nifty Gain As Crude Prices Fall, Buyin",https://news.google.com/rss/articles/CBMi0gFBVV95cUxNWllGSXlKdUlPWTdkTi1CbERUd3RHcFY1Q2pJaXBaU3Z0WHk0WnRoeEVxZGZycnB6ZmdfZGJCQzJNWlpPZjhnVGxHTTZaYUg1NC1KSHlRVndtXzFsbTdoWmY2NmxrdFhaX3JnOGdPOTlWeTBWNWtMZFdaOHZ6UTRQU3g0ZGczd2pPVnlRSmtBUTRtaHpmM2s2Ml9TZUxZWDl5REpEZFlQNlRsZDBsVXd2V1RHeEs0amZ2RlJFNE1qMjB3Szh2dERPZ3NEU3h0UjZrVFHSAdQBQVVfeXFMTlU0LWFYdGdWQkFsbld3a19YWHlwb1FjYXJBZzhwVElIZUJKN3JUWU5fSmw0TklSSUwwX21OWE4xdjRFZ20weFZHUFE1dzNoMG14ZGtsZlU5VlJuSlpxak5HVXFvaHg4aWxsVUlYNUZUM2tqaC0yNWo2MVB2UDdySzFKWFFYZUpPSlN5MVJnSjNFNzRTTnVyS291MFd3QzN1ck40ZVdBYzd2M253cGVTTDlRaDQtR3ZLbWhzd2FmcTF2QnFtdE5pUE1pMVUyb3R5eDdqYzQ?oc=5,2026-06-22,0.5282,0.0378,0.0245,0.0129
2026-06-24,CIPLA.NS,Cipla,3,0.8044,15,False,3b4ab2c8b5,BusinessLine (via gnews-rss),"Markets rebound as global uncertainty eases; crude falls, RBI calms rate hike concerns - BusinessLine. Markets rebound as global uncertainty eases; crude falls,",https://news.google.com/rss/articles/CBMi4wFBVV95cUxPYlkwWjJUTUI2RVlsdi15cUZvY0s0d3NESmhidFpkV3hGTXZtZ3JKTHdRcFB6WW9mMDIxTEFsQnJfVXZmejczeUh4cWJObHVScW1EMFN2UTNRSWNJWjhXV05URURpMVV2WThPenpvQ2JnXzhMM3JmekNJQUVyZFhpeWxudEVkdHo2M1ZDSzZkT1Y0REFVUE01VmhZYllQWUI0aWpSdlVWbHJLYlcwdEQzaTJxZ0FKWkZNX0dRaVFkRDJiazF6M0RoZ0xtZ01waGIxX2FqX1VGa3dONExndnVkS1ZmTdIB6gFBVV95cUxQXzZkR1pHR1U1TTNnNHRrd0VpaU9rNlhnZ25JUzVnOUhRWklFY0xvRzZFZDh6TmlDOUV5b3pId3ZzN1RyLUUwTks1aEhBVDdXajdVcG9peUl6V3VyVU5zNFRvc0gzNEpQb0lnZHNnLTRYN1A5RmxwbzdBTHhyandNVi1ZNkRaZ1FyZDRZV2pTek5LQVpUS01IOFd0cXNwdmhCcEtwR0ttWTBBLTlfcGs3dWhvUVctZkxtZHdiclk0QllzMW12d2lmdFdHTzJTVXNwYTVGakRvV1ZsMF9HOUQwYUh6Y1NrQUc2Nnc?oc=5,2026-06-24,0.3483,0.048,0.0311,0.0108
2026-06-24,CIPLA.NS,Cipla,3,0.8044,15,False,4e23d47758,MSN (via gnews-rss),"Sensex, Nifty rebound as US-Iran deal hopes lift sentiment - MSN. Sensex, Nifty rebound as US-Iran deal hopes lift sentiment&nbsp;&nbsp;MSN",https://news.google.com/rss/articles/CBMi8AFBVV95cUxQSERRLWdTWWIxMTk4WEw1ZU9heFFOSUU1T2xkVW1hTUlfZWdhQzlfZ3hiemhqeWJSYk1SYzc0LTBXb0pBZk5LbE5Za2pBa3JHU1dGMVZ3YU83aUZNcTVlczRYdmVIZFA3NEYyVTlFbzVoNVB4RUJ5bzMyNUNGUEMyV0xmNGViZ2Z3am1yd2RYVGZCR1gtYTZTclRvTkpEQUZYTUN5TWJ6R0VJLWhkWkpMbUJBRHVteDY0T0pQXzFnRjltQXdSX1lneHE0TzdWR1BUb2oxMnhGUDZxMXI0cVNaRkppblU4YnZMTVJjaHl3b1E?oc=5,2026-06-14,0.9172,0.0119,0.0077,0.0071
2026-06-24,CIPLA.NS,Cipla,3,0.8044,15,False,afee893487,MSN (via gnews-rss),Indian markets rebound as RBI steps in despite FPI outflows - MSN. Indian markets rebound as RBI steps in despite FPI outflows&nbsp;&nbsp;MSN,https://news.google.com/rss/articles/CBMi8wFBVV95cUxOZUVoZHNwbU9NQ2s4REFYV19Uak9XNHdITU4xdHZEbzdwQkZ3WnJMSUpyNGFGTDVPMDREYTM1V1FEVFpPWEh3QVhreUttaS1RaW1kQW44RlpJMmFSMHMtR1dOUWdQNGljb1FxMGJ2NW1YRWdwRzU0T2IyV3B6UFlqam1BOHBtLUI3ODJCQkRRckU4aFdtbTJvdUxfUXQxVDNod1RQVjk3V1ViNUZNMDVQRXQxaEtqNDVOLUlRM1AtZklGbkxOanRoRUlXeDJ0SVQtR3VtM3dXVFp5aXlIM09HOG1qa0l2dWM2VlhwZ2U5LVhUUUU?oc=5,2026-06-14,0.8629,0.0119,0.0077,0.0067
2026-06-24,CIPLA.NS,Cipla,3,0.8044,15,False,27973a8fdd,Moneycontrol.com (via gnews-rss),"Foreign investors pump $1.84 billion into Indian bonds in June, highest in 16 months - Moneycontrol.com. Foreign investors pump $1.84 billion into Indian bonds ",https://news.google.com/rss/articles/CBMi4AFBVV95cUxPY2JaZHRUMXJkcEJnb3R2R3BPazZ5dHZ4Tno4a1BaUGhxekdXWnVsWmlSWlBfLWJ0NXZ5TEFhRW1KcjRYX09aeDdiM2psZkE2RTRxbF9sejJqZC03eUlCME5oQnZ4M285QVVLMVZySmtac05YdU0tU08xY000aEFxampwamJjX1oweEZkTndYR1RlWEF0SkgtV29KcG5zRkp0U0lnWm5mV1J4TUVWSElKQTUwRkoxOU9Kdi0zRldkVnNidGl2OUhrYkluREw3b0FoVDdfNTFfRHNQNzIzT1hHTNIB5gFBVV95cUxNdmFpRWN2NWRwaVdJOUpCc3dsbnNCWGVabDIzSWxIQU9HeFNqQ1M3bnZuZG5pUXc4QW84TUdoTktodzlVYnE3SWlrQUZCdFJ2a043T0oxWWpiN2lqV2ZrSXBhQ2dvQmhUa25ySXVwVkJFazduVWE2d2YwQWJmWEM4dmctQlF6cDlSS29XbXozQ0pHRUZfd3NfTW9RT0F3dVhnb0Jjdm55YjNGR2g1YzNDQ3lSQ1FNNTZfM2Zfdl9OZmhIVVBUZXJ0Tkk5RHpRaHllV2Vpby1XYkZ1enhzdUszLWItQ3BtUQ?oc=5,2026-06-15,0.697,0.012,0.0078,0.0054
2026-06-24,CIPLA.NS,Cipla,3,0.8044,15,False,f1835f3ba8,Telangana Today (via gnews-rss),Indian stock markets end lower as IT shares drag Nifty and Sensex - Telangana Today. Indian stock markets end lower as IT shares drag Nifty and Sensex&nbsp;&nbs,https://news.google.com/rss/articles/CBMilwFBVV95cUxOb0l4NkJpakwzSVN5VkppSk8zdV9GS1g0dDUxZElUcVJ5WUU1UGNxc0EwUVpNMU1mMDA5b2FjeGp2LXp6akx1NksxUEdvTS16OHI2ZktQcjNXRUFsSjdPalBGTmRSNmdxNGctRENaVU9KWk1zY0hTeGw1RXlJaG5EbmxvSFlVUUNrNk9sSlFIYmo2T2pYcm5v?oc=5,2026-06-19,-0.9598,0.0315,0.0204,-0.0196
2026-06-24,ICICIBANK.NS,ICICI Bank,4,0.8039,16,False,d096ff3fd8,Upstox (via gnews-rss),"Nifty Bank rises 2% as HDFC Bank, ICICI Bank, SBI gain: Top factors behind the banking stock rally explained - Upstox. Nifty Bank rises 2% as HDFC Bank, ICICI B",https://news.google.com/rss/articles/CBMi9gFBVV95cUxOUXJaRm1kTjZEaVNpazUtR28zRE5CWTRmSkpOdjAxejZGTC1mdU5OT1NNWGFsSXM2RzE5czFKZmEwOXF0b3NvRG13TlZqVWlGamI5WDdxSkpOUHE4VjBpTUVoTFBiOUdGVjlvT1J6c1NrOVpsMDA5QXZUS0NNV3l0MDRlMFB6SldDNTNMZEFLQ1RkOFBYZTQ2eEJFVmFnZ1lvM1Z1YTBVN21FSTM5dnVlMV9vQ2NaZ1NjYWpmeVhMNEVDcjBtXzV1QXFDM0lDRS1PSUROYTIxTDVHMWphMGhUT1lwNzlWY1h5TlROWVRlaGZQeEp6a2c?oc=5,2026-06-24,0.9055,0.7,0.4169,0.3775
2026-06-24,ICICIBANK.NS,ICICI Bank,4,0.8039,16,False,efcac35a57,Upstox (via gnews-rss),"HDFC Bank, ICICI Bank: Banking stocks gain as RBI lifts interest rate cap on select NRI deposits - Upstox. HDFC Bank, ICICI Bank: Banking stocks gain as RBI lif",https://news.google.com/rss/articles/CBMi7gFBVV95cUxPTm9MT1ZEb0duNmNrcnJrNFJ0a184NG5TaFRXelhXZHdsbWZQeFc1aEpQOHZMR2JrcW5EMTlNdnEwaWtTTGNXeERieDl0RVVsRndzOEdQWlQ4aUY2cFN0bmRCWGF6V3oteU9uSERyNUkzU3hIa0hPYXpEY1BCcWtlc1pzMHVpN1g1UjY3WjZoamsydENzbGphRjN5Y2hOOGc0bHZUSno2c3lQLVBsOG9waUdyME9RQ1dHQUFnME4tcTdZam9uY29zSUZiNGRNdVM1VS1YWVJoblJZYnd6dlY5M204Z2s2bTJNSkVxa2hn?oc=5,2026-06-18,0.8921,0.175,0.1042,0.093
2026-06-24,ICICIBANK.NS,ICICI Bank,4,0.8039,16,False,c04f41f105,Business Standard (via gnews-rss),"Banking stocks propel Sensex, Nifty gains as RBI comments boost sentiment - Business Standard. Banking stocks propel Sensex, Nifty gains as RBI comments boost s",https://news.google.com/rss/articles/CBMi1gFBVV95cUxOdS1jZGxySDRzdzN2bnh2bTh3NFdqbmx5ZjBkSlZQa1hQZ1R0SHBuOXlhUEctRmU4ZURKOWhSQXRwN09zeGVyV1psSXZFOFJyVWdsakFHNUl6MlZCdFNVRVZxMkdIVlNVRDdqdmtYUHNxYkdlY0ZXaUY0NEZWOHREeEhTZkdkbnRnVXZDTndKQ0RleGZ1MmsySnhpMzlwbDAzSFVHbm9tMTZNREludnl4NHdTSnFLZ2czcmlMblN6QXpYQjVKZW9jMW81RkNCRnVxMGNNX1Fn0gHbAUFVX3lxTE9BQzBGbFdienhDMi04c2NRaTNmeDZWU2NoUFVjbUVlTUdMYld0cGxKcEVod2pSN2g0R3BJbUxaa2NiZWJQc2c0cXhHSWk4VTVoSkdoUDlINjl3bjJNSjZCbTR2eW1GbXJRRVJfbG5qdXZ4OGI1M0NRMmZzNzI1eGxlNXMtaGxDRWFBV1BTeFp6Q3hEdF9FelRZMmhmMXRkdFZTYThQRk5rbEV4Y1E1Wldic2d0SUhGbXNhTEdNNGRaclhkLUVMWHJzVnZnajJ0U2ZEWjkyV2phd0xMTQ?oc=5,2026-06-24,0.9017,0.16,0.0953,0.0859
2026-06-24,ICICIBANK.NS,ICICI Bank,4,0.8039,16,False,a484b150d2,Business Recorder (via gnews-rss),"Banks, softer oil boost Indian shares; RBI eases rate concerns - Business Recorder. Banks, softer oil boost Indian shares; RBI eases rate concerns&nbsp;&nbsp;Bu",https://news.google.com/rss/articles/CBMiVkFVX3lxTE1JY1NSaHBWV2JSUjA5YVl2S2ZqVmh5dW9ySzRESmh3b2RYUDA1dlRCN2N6cjJJeWpVbVJnbUpyZW5LSTZMTWV4M2FWLVNCTE0zczhvTVBR0gFWQVVfeXFMTUljU1JocFZXYlJSMDlhWXZLZmpWaHl1b3JLNERKaHdvZFhQMDV2VEI3Y3pyMkl5alVtUmdtSnJlbktJNkxNZXgzYVYtU0JMTTNzOG9NUFE?oc=5,2026-06-24,0.8424,0.1,0.0596,0.0502
2026-06-24,ICICIBANK.NS,ICICI Bank,4,0.8039,16,False,885893a500,Business Standard (via gnews-rss),"Mcap of 8 most valued firms surges by ₹1.90 trn, ICICI Bank shines - Business Standard. Mcap of 8 most valued firms surges by ₹1.90 trn, ICICI Bank shines&nbsp;",https://news.google.com/rss/articles/CBMiywFBVV95cUxNY0pyQjNuZm9Ld0VaZ2FTUF83clJFamhZR3VlQ2VkRU1YcVF1aFJVU0tDTl9UVHpKSzY2azZuMkw4bGdjWFlxclpKTHFpT0VlbS0xUVNOMnVsYWlDUEtCSkpxQ0Y1eUdVanptdE5HT2c1SkxQd1UzRlRlMkFSeWhRdHVQSE5kMlFmWnM4dXN4cTBUdkxaUFQwaXBTSGtUNF91YS1KaGxWbUlBdWdwWk5zRno3SDVwMGhDTUN4am0zUTJNRXd3ckJkQkpUd9IB0AFBVV95cUxQMWhLY1YyZzBKeXpwZUw0Y1dwdDRZSm9Ca0Q1T3JfVlFobjhRNERjZFRyTnBDSlFoU1p0NTUtUjZkR3Q3WTh3STAzN1ZWNkZvR0xGdGQycElFTHJxVGF5b183aU9tbEtyMURBYm9uSmhicVhXRDFka1lQYzh3SFBxMnRGTU15aUR1NlZFZXdoZGlka2h0NUkxNW5ZRHpmNUxvdGNIcm1wbGtZcFMtRlU5R2huYmhwUEZCbTFVVHMxV0Z2LUxGcUNoNkV2RllVYVdO?oc=5,2026-06-14,0.8885,0.0794,0.0473,0.042
2026-06-24,ICICIBANK.NS,ICICI Bank,4,0.8039,16,False,fc5a46a5c5,Moneycontrol.com (via gnews-rss),"Bank Nifty rises 1.5% to reclaim 58,000; HDFC, ICICI Bank lead gains: Here are two reasons - Moneycontrol.com. Bank Nifty rises 1.5% to reclaim 58,000; HDFC, IC",https://news.google.com/rss/articles/CBMi5gFBVV95cUxQSmVxekx4RXd0ZzZEWE1BWVFScVh3S2xnQ0tPRkFSSUJnWExKNF91cEkyc1FvZHlpUXktTllWZTZQN0htVDMyNnFldTlLTjJSdmk5d0hwQmFjdXNjZ3pQZlZ0RXd2Nk01ODlXZElWd2hoNHI1VXcxNDJJeFljcEhGa093UGxDRFU3Qm1yaldwdVY1X0VhR0NwSUQ1b0lDTWp2bVdaNHF2S0NTcV9wU1hTNGtfeXMyNUVONUU1SUd0LVFqeXhHaF9EMWxzUmlHSmtfbS1MSFJSakxvbUJJZVJkMHZlc2E1Z9IB6wFBVV95cUxObVk0QkFZZHFrR1A0amtCLW90VldLLW9YbS1qWmg1cVQwZXlvQW1yeHRyMDZRcFdUdXZqWHZWQlFlUXptTkRrNzlSUF91ZThxZmRhdTVFV2N0NEJPc084MTRwdk5zQlBCcFh1Zlh5Y1c5b2dNeEYwclJZcmdyNXdLWi1KalJHTk5MeWdUV05HZk1LMTVmNmZqeXRJWGxHUEtHelFBQnBHMy1HdV94WFMyVzBqMHR0VmRGYzZHRGxXT0E1MFBRdVJVZ2l2R0JMM2pzbFpFWW1YSjRrdTlWY3BlQm5HRTUxdVdQeW1Z?oc=5,2026-06-24,0.6137,0.096,0.0572,0.0351
2026-06-24,ICICIBANK.NS,ICICI Bank,4,0.8039,16,False,426a3c47e7,Open Magazine (via gnews-rss),"Nifty Tops 24,100, Sensex Rises 291 Points on Positive Global Cues - Open Magazine. Nifty Tops 24,100, Sensex Rises 291 Points on Positive Global Cues&nbsp;&nbs",https://news.google.com/rss/articles/CBMiowFBVV95cUxOTGdVZ3RwY1pISUlsLTBsOUdiNm44ZVB6RFZMQlZrY3VaanpIclRPYWIxUUxfOGFJNnUzd2Z4ZUZleUxDRHBYMGVkYlVQNURlWGtPU3EwOHo4c0o5VlJyaEw2a2FRVVFfTWZSZUFjZFpRTDRKN1hxUHdJS0xieHRyY19sb3l5eEFhU0Q5WVhzcmQtQXB1VXJZeXZZQmxySlFCeHdj?oc=5,2026-06-22,0.835,0.063,0.0375,0.0313
2026-06-24,ICICIBANK.NS,ICICI Bank,4,0.8039,16,False,7aec273631,CNBC TV18 (via gnews-rss),FIIs post strongest buying since February; DIIs turn sellers on June 19 - CNBC TV18. FIIs post strongest buying since February; DIIs turn sellers on June 19&nbs,https://news.google.com/rss/articles/CBMirwFBVV95cUxNMEhxcTFvUWNSWWJjWkJaN0xzYktDeDM1dlFybVRyOW1BMDVRUHBSbk5ocHFmeGU5cWVJQ1hTU0dEdkRENHRJYmJJampJcEhsYzRHN1hOaVpka2RBODRwcjFHTy1zYy1uOU13QVg4amhyMVhvcXAzWjlOaHJWYWxUdFdtMzJVMk5YYXEtT250d2k3TmRnX2RNT1FldGFOd3RpUlhZdUFEenZFVmcwcHNZ0gG0AUFVX3lxTE11SS1zTXpKWHFWRElFT0hWQlgxaHd3emllU0FPZ2daem52ZS1SVkNieUNwSVNuMVQ5ZVpTWlhTWVJ0RGpOVHhFcHJTYm5GVEZyLTU4TXBEdGk2OUJiV1EzbFpVRUgxSnhQUEh0djI3RWJQNV9BZTRUMkxNdDhtVlVyMlB3Y0s0bnhWYzlkcjV2MkNmeXJER2tGdXFEdWFjeDZNX2tNQVdWNDBJVWR2VDVQUFJSRQ?oc=5,2026-06-19,0.8529,0.0504,0.03,0.0256
2026-06-24,ICICIBANK.NS,ICICI Bank,4,0.8039,16,False,b113432b8d,India Today (via gnews-rss),Sensex jumps nearly 800 points: Why is stock market rising today? - India Today. Sensex jumps nearly 800 points: Why is stock market rising today?&nbsp;&nbsp;In,https://news.google.com/rss/articles/CBMi8wFBVV95cUxNbFZrbEY1SW5nZjR3bGFOUVNTN0lhY095OG5RR29nSDBCUE15SzJLUXNOeFd3eVZhdFFRQnd5X2RPTFowcUtpeWpub0E1SUU4Z3NOWWRYSS1zWkNGMjhJdUZDa2I1Z3NJcDZHb2RqMnhCZm56UGQ3UUJpRFlLZzdXUlhocnpndElYUkt2cXFKWkRsbDIzczJTOGdCclFNLUdlMW84S3RkVW8wV1dsT3RNS0xPY0ZZTk1KbVJhTTg0bDRQTXJidFRjQ2o0Ri1oMlVDb0lLcE9ZYzMwdTJnZ21VRHMtX1liaTB2Vzl5aFJFY3o5UHfSAfgBQVVfeXFMT19TdDRHYjVMVmJjZ252TlAzTk5NT3U4LUlVVVMwN0FZY0JwRmdjdHY5VjNFYXM3emlBZTloMTJkMmpuRXhkT1FLQXdSMHlta2pGeW9Za2xVX2UyNzhuQ0hadm5ZOHNiYUpvWE50NTJfNjVNZVJoZ1Z1M2ZSSkY2RDNuajlqRDNIczNtWDNQRkhldnVOQ05uc0xrUXNQY3ZSZWtNSmJISTJieGxaVXlkNkoyWXRxTXNubXVWUUJGQjRxVmVfcTRZbmV3V0s0ZGtrTDdJY1RYS0ZManBWdFotLVRPZmtQVGROQ1FFTDdlZlVjaUdyT19fUlk?oc=5,2026-06-24,0.5875,0.06,0.0357,0.021
2026-06-24,ICICIBANK.NS,ICICI Bank,4,0.8039,16,False,e46d0fa1a1,Upstox (via gnews-rss),Shifting trends: Growing confidence of retail investors in Indian markets - Upstox. Shifting trends: Growing confidence of retail investors in Indian markets&nb,https://news.google.com/rss/articles/CBMizwFBVV95cUxNWGt2eU5aNEJOVnJIams2RGR3WTd2dXl1M05lT1puSU1SSEFPbVdsTmVxNnFiMkNNbFFNQ0lwdjNneUJ1MkJSRUhvY3g2R2kzdzdyMnFqZ0RJLXBUaGdFOUYxbktTZEdwX2lkdnhBRkdSaHJDLUJmdTMzbVU1eU5kSi0weXM3akc2QURiQkM5MVNWVnAwLWpuMmpTdVN5QS1GM25ZMzBtOXFiSUFnUERNSVFndFpRYWdOSGMtUUItd01BMUFuZTFPeEExRkNxWGM?oc=5,2026-06-21,0.8323,0.042,0.025,0.0208
2026-06-24,ICICIBANK.NS,ICICI Bank,4,0.8039,16,False,b90885998a,Rediff (via gnews-rss),"Stock Markets Today: Sensex, Nifty Gain As Crude Prices Fall, Buying In Blue-chips - Rediff. Stock Markets Today: Sensex, Nifty Gain As Crude Prices Fall, Buyin",https://news.google.com/rss/articles/CBMi0gFBVV95cUxNWllGSXlKdUlPWTdkTi1CbERUd3RHcFY1Q2pJaXBaU3Z0WHk0WnRoeEVxZGZycnB6ZmdfZGJCQzJNWlpPZjhnVGxHTTZaYUg1NC1KSHlRVndtXzFsbTdoWmY2NmxrdFhaX3JnOGdPOTlWeTBWNWtMZFdaOHZ6UTRQU3g0ZGczd2pPVnlRSmtBUTRtaHpmM2s2Ml9TZUxZWDl5REpEZFlQNlRsZDBsVXd2V1RHeEs0amZ2RlJFNE1qMjB3Szh2dERPZ3NEU3h0UjZrVFHSAdQBQVVfeXFMTlU0LWFYdGdWQkFsbld3a19YWHlwb1FjYXJBZzhwVElIZUJKN3JUWU5fSmw0TklSSUwwX21OWE4xdjRFZ20weFZHUFE1dzNoMG14ZGtsZlU5VlJuSlpxak5HVXFvaHg4aWxsVUlYNUZUM2tqaC0yNWo2MVB2UDdySzFKWFFYZUpPSlN5MVJnSjNFNzRTTnVyS291MFd3QzN1ck40ZVdBYzd2M253cGVTTDlRaDQtR3ZLbWhzd2FmcTF2QnFtdE5pUE1pMVUyb3R5eDdqYzQ?oc=5,2026-06-22,0.5282,0.0378,0.0225,0.0119
2026-06-24,ICICIBANK.NS,ICICI Bank,4,0.8039,16,False,3b4ab2c8b5,BusinessLine (via gnews-rss),"Markets rebound as global uncertainty eases; crude falls, RBI calms rate hike concerns - BusinessLine. Markets rebound as global uncertainty eases; crude falls,",https://news.google.com/rss/articles/CBMi4wFBVV95cUxPYlkwWjJUTUI2RVlsdi15cUZvY0s0d3NESmhidFpkV3hGTXZtZ3JKTHdRcFB6WW9mMDIxTEFsQnJfVXZmejczeUh4cWJObHVScW1EMFN2UTNRSWNJWjhXV05URURpMVV2WThPenpvQ2JnXzhMM3JmekNJQUVyZFhpeWxudEVkdHo2M1ZDSzZkT1Y0REFVUE01VmhZYllQWUI0aWpSdlVWbHJLYlcwdEQzaTJxZ0FKWkZNX0dRaVFkRDJiazF6M0RoZ0xtZ01waGIxX2FqX1VGa3dONExndnVkS1ZmTdIB6gFBVV95cUxQXzZkR1pHR1U1TTNnNHRrd0VpaU9rNlhnZ25JUzVnOUhRWklFY0xvRzZFZDh6TmlDOUV5b3pId3ZzN1RyLUUwTks1aEhBVDdXajdVcG9peUl6V3VyVU5zNFRvc0gzNEpQb0lnZHNnLTRYN1A5RmxwbzdBTHhyandNVi1ZNkRaZ1FyZDRZV2pTek5LQVpUS01IOFd0cXNwdmhCcEtwR0ttWTBBLTlfcGs3dWhvUVctZkxtZHdiclk0QllzMW12d2lmdFdHTzJTVXNwYTVGakRvV1ZsMF9HOUQwYUh6Y1NrQUc2Nnc?oc=5,2026-06-24,0.3483,0.048,0.0286,0.01
2026-06-24,ICICIBANK.NS,ICICI Bank,4,0.8039,16,False,4e23d47758,MSN (via gnews-rss),"Sensex, Nifty rebound as US-Iran deal hopes lift sentiment - MSN. Sensex, Nifty rebound as US-Iran deal hopes lift sentiment&nbsp;&nbsp;MSN",https://news.google.com/rss/articles/CBMi8AFBVV95cUxQSERRLWdTWWIxMTk4WEw1ZU9heFFOSUU1T2xkVW1hTUlfZWdhQzlfZ3hiemhqeWJSYk1SYzc0LTBXb0pBZk5LbE5Za2pBa3JHU1dGMVZ3YU83aUZNcTVlczRYdmVIZFA3NEYyVTlFbzVoNVB4RUJ5bzMyNUNGUEMyV0xmNGViZ2Z3am1yd2RYVGZCR1gtYTZTclRvTkpEQUZYTUN5TWJ6R0VJLWhkWkpMbUJBRHVteDY0T0pQXzFnRjltQXdSX1lneHE0TzdWR1BUb2oxMnhGUDZxMXI0cVNaRkppblU4YnZMTVJjaHl3b1E?oc=5,2026-06-14,0.9172,0.0119,0.0071,0.0065
2026-06-24,ICICIBANK.NS,ICICI Bank,4,0.8039,16,False,afee893487,MSN (via gnews-rss),Indian markets rebound as RBI steps in despite FPI outflows - MSN. Indian markets rebound as RBI steps in despite FPI outflows&nbsp;&nbsp;MSN,https://news.google.com/rss/articles/CBMi8wFBVV95cUxOZUVoZHNwbU9NQ2s4REFYV19Uak9XNHdITU4xdHZEbzdwQkZ3WnJMSUpyNGFGTDVPMDREYTM1V1FEVFpPWEh3QVhreUttaS1RaW1kQW44RlpJMmFSMHMtR1dOUWdQNGljb1FxMGJ2NW1YRWdwRzU0T2IyV3B6UFlqam1BOHBtLUI3ODJCQkRRckU4aFdtbTJvdUxfUXQxVDNod1RQVjk3V1ViNUZNMDVQRXQxaEtqNDVOLUlRM1AtZklGbkxOanRoRUlXeDJ0SVQtR3VtM3dXVFp5aXlIM09HOG1qa0l2dWM2VlhwZ2U5LVhUUUU?oc=5,2026-06-14,0.8629,0.0119,0.0071,0.0061
2026-06-24,ICICIBANK.NS,ICICI Bank,4,0.8039,16,False,27973a8fdd,Moneycontrol.com (via gnews-rss),"Foreign investors pump $1.84 billion into Indian bonds in June, highest in 16 months - Moneycontrol.com. Foreign investors pump $1.84 billion into Indian bonds ",https://news.google.com/rss/articles/CBMi4AFBVV95cUxPY2JaZHRUMXJkcEJnb3R2R3BPazZ5dHZ4Tno4a1BaUGhxekdXWnVsWmlSWlBfLWJ0NXZ5TEFhRW1KcjRYX09aeDdiM2psZkE2RTRxbF9sejJqZC03eUlCME5oQnZ4M285QVVLMVZySmtac05YdU0tU08xY000aEFxampwamJjX1oweEZkTndYR1RlWEF0SkgtV29KcG5zRkp0U0lnWm5mV1J4TUVWSElKQTUwRkoxOU9Kdi0zRldkVnNidGl2OUhrYkluREw3b0FoVDdfNTFfRHNQNzIzT1hHTNIB5gFBVV95cUxNdmFpRWN2NWRwaVdJOUpCc3dsbnNCWGVabDIzSWxIQU9HeFNqQ1M3bnZuZG5pUXc4QW84TUdoTktodzlVYnE3SWlrQUZCdFJ2a043T0oxWWpiN2lqV2ZrSXBhQ2dvQmhUa25ySXVwVkJFazduVWE2d2YwQWJmWEM4dmctQlF6cDlSS29XbXozQ0pHRUZfd3NfTW9RT0F3dVhnb0Jjdm55YjNGR2g1YzNDQ3lSQ1FNNTZfM2Zfdl9OZmhIVVBUZXJ0Tkk5RHpRaHllV2Vpby1XYkZ1enhzdUszLWItQ3BtUQ?oc=5,2026-06-15,0.697,0.012,0.0071,0.005
2026-06-24,ICICIBANK.NS,ICICI Bank,4,0.8039,16,False,f1835f3ba8,Telangana Today (via gnews-rss),Indian stock markets end lower as IT shares drag Nifty and Sensex - Telangana Today. Indian stock markets end lower as IT shares drag Nifty and Sensex&nbsp;&nbs,https://news.google.com/rss/articles/CBMilwFBVV95cUxOb0l4NkJpakwzSVN5VkppSk8zdV9GS1g0dDUxZElUcVJ5WUU1UGNxc0EwUVpNMU1mMDA5b2FjeGp2LXp6akx1NksxUEdvTS16OHI2ZktQcjNXRUFsSjdPalBGTmRSNmdxNGctRENaVU9KWk1zY0hTeGw1RXlJaG5EbmxvSFlVUUNrNk9sSlFIYmo2T2pYcm5v?oc=5,2026-06-19,-0.9598,0.0315,0.0188,-0.018
2026-06-24,KOTAKBANK.NS,Kotak Mahindra Bank,5,0.7803,16,False,aac7094e2e,Telegraph India (via gnews-rss),"Markets bounce back after Tuesday's selloff, Sensex gains nearly 200 points in early trade - Telegraph India. Markets bounce back after Tuesday's selloff, Sense",https://news.google.com/rss/articles/CBMi6gFBVV95cUxNVTJRTGhpbFBjYnlQdVNZdHEtV1lGYTZsdnNpcmJCMkNKTGFCemNKc250STliSmFSSmdrUHB0SFBPX2JHR3NxMjNYUkNFNUZXNTdtby11VmN5U1VGZWdSZ1dTR0hlWDZMa1BWUHpDZTBBNE9jcWlPQWlfTE1pSDhoSUVwSjl6YzBIXzFzMVVsamRhNXdmRlRDS2lUbDBHSVQ5Y3FPY2J5ZWVZdjY4MHd4YWI5QzZIREJoNndiTEJqRjNZbEV2VGdmaU9CVGJSbk83VVcxU3ljdzZ6ZmhRVE1VNXJrN0hyMm5jZWfSAeoBQVVfeXFMTVUyUUxoaWxQY2J5UHVTWXRxLVdZRmE2bHZzaXJiQjJDSkxhQnpjSnNudEk5YkphUkpna1BwdEhQT19iR0dzcTIzWFJDRTVGVzU3bW8tdVZjeVNVRmVnUmdXU0dIZVg2TGtQVlB6Q2UwQTRPY3FpT0FpX0xNaUg4aElFcEo5emMwSF8xczFVbGpkYTV3ZkZUQ0tpVGwwR0lUOWNxT2NieWVlWXY2ODB3eGFiOUM2SERCaDZ3YkxCakYzWWxFdlRnZmlPQlRiUm5PN1VXMVN5Y3c2emZoUVRNVTVyazdIcjJuY2Vn?oc=5,2026-06-24,0.9163,0.5,0.3333,0.3054
2026-06-24,KOTAKBANK.NS,Kotak Mahindra Bank,5,0.7803,16,False,7e56b32ee3,The Hindu (via gnews-rss),Stock markets recover early lost ground; trade higher - The Hindu. Stock markets recover early lost ground; trade higher&nbsp;&nbsp;The Hindu,https://news.google.com/rss/articles/CBMitAFBVV95cUxNVzB4cDZvQ2Zxa2tvZ0ZWbUp2SExpejF1LWZtQURZbHQ3ZEhzdDZaU2NEekkwcHVsVEZhZ01SNmhvcXpaSFlKX1B3cW9idktNVXc0TlJTaGJtcjE0YnJ1OWU1cS1nZGx5akJDWTMxYjB1eXU0T2o0cGJVWmdRX3hyWmRMYks3Z1hDeWdQR2d2ME9JOGYxX3Z0enJOaHNHYmUwSVdMcE43azJadjhWeTlJb1ZGcEfSAbsBQVVfeXFMTm5BZTVGRV9GX1pmTk1ob1pMLVhwNUl6dnAwa2tPNTN0Y2RmQ2pzVDVPcWhRbWhrSlJzSjR6WUdrX0czdm1uQmlqLW9udkdCV09ya3Qza0xUYW5sOUZfSDZwcTJRbGFhSXB1MlpPT0xxSDFCUzdVYkNuQXh0a0lOVng1eHhSSkl3Uno4WkZOY0R1TE50Q3ZoVjF6TEVlcGt1RUhIdHloWkFnWnZBVlNubEtHZjVWTUZUcDdWMA?oc=5,2026-06-18,0.8626,0.2,0.1333,0.115
2026-06-24,KOTAKBANK.NS,Kotak Mahindra Bank,5,0.7803,16,False,c04f41f105,Business Standard (via gnews-rss),"Banking stocks propel Sensex, Nifty gains as RBI comments boost sentiment - Business Standard. Banking stocks propel Sensex, Nifty gains as RBI comments boost s",https://news.google.com/rss/articles/CBMi1gFBVV95cUxOdS1jZGxySDRzdzN2bnh2bTh3NFdqbmx5ZjBkSlZQa1hQZ1R0SHBuOXlhUEctRmU4ZURKOWhSQXRwN09zeGVyV1psSXZFOFJyVWdsakFHNUl6MlZCdFNVRVZxMkdIVlNVRDdqdmtYUHNxYkdlY0ZXaUY0NEZWOHREeEhTZkdkbnRnVXZDTndKQ0RleGZ1MmsySnhpMzlwbDAzSFVHbm9tMTZNREludnl4NHdTSnFLZ2czcmlMblN6QXpYQjVKZW9jMW81RkNCRnVxMGNNX1Fn0gHbAUFVX3lxTE9BQzBGbFdienhDMi04c2NRaTNmeDZWU2NoUFVjbUVlTUdMYld0cGxKcEVod2pSN2g0R3BJbUxaa2NiZWJQc2c0cXhHSWk4VTVoSkdoUDlINjl3bjJNSjZCbTR2eW1GbXJRRVJfbG5qdXZ4OGI1M0NRMmZzNzI1eGxlNXMtaGxDRWFBV1BTeFp6Q3hEdF9FelRZMmhmMXRkdFZTYThQRk5rbEV4Y1E1Wldic2d0SUhGbXNhTEdNNGRaclhkLUVMWHJzVnZnajJ0U2ZEWjkyV2phd0xMTQ?oc=5,2026-06-24,0.9017,0.16,0.1067,0.0962
2026-06-24,KOTAKBANK.NS,Kotak Mahindra Bank,5,0.7803,16,False,a484b150d2,Business Recorder (via gnews-rss),"Banks, softer oil boost Indian shares; RBI eases rate concerns - Business Recorder. Banks, softer oil boost Indian shares; RBI eases rate concerns&nbsp;&nbsp;Bu",https://news.google.com/rss/articles/CBMiVkFVX3lxTE1JY1NSaHBWV2JSUjA5YVl2S2ZqVmh5dW9ySzRESmh3b2RYUDA1dlRCN2N6cjJJeWpVbVJnbUpyZW5LSTZMTWV4M2FWLVNCTE0zczhvTVBR0gFWQVVfeXFMTUljU1JocFZXYlJSMDlhWXZLZmpWaHl1b3JLNERKaHdvZFhQMDV2VEI3Y3pyMkl5alVtUmdtSnJlbktJNkxNZXgzYVYtU0JMTTNzOG9NUFE?oc=5,2026-06-24,0.8424,0.1,0.0667,0.0562
2026-06-24,KOTAKBANK.NS,Kotak Mahindra Bank,5,0.7803,16,False,fc5a46a5c5,Moneycontrol.com (via gnews-rss),"Bank Nifty rises 1.5% to reclaim 58,000; HDFC, ICICI Bank lead gains: Here are two reasons - Moneycontrol.com. Bank Nifty rises 1.5% to reclaim 58,000; HDFC, IC",https://news.google.com/rss/articles/CBMi5gFBVV95cUxQSmVxekx4RXd0ZzZEWE1BWVFScVh3S2xnQ0tPRkFSSUJnWExKNF91cEkyc1FvZHlpUXktTllWZTZQN0htVDMyNnFldTlLTjJSdmk5d0hwQmFjdXNjZ3pQZlZ0RXd2Nk01ODlXZElWd2hoNHI1VXcxNDJJeFljcEhGa093UGxDRFU3Qm1yaldwdVY1X0VhR0NwSUQ1b0lDTWp2bVdaNHF2S0NTcV9wU1hTNGtfeXMyNUVONUU1SUd0LVFqeXhHaF9EMWxzUmlHSmtfbS1MSFJSakxvbUJJZVJkMHZlc2E1Z9IB6wFBVV95cUxObVk0QkFZZHFrR1A0amtCLW90VldLLW9YbS1qWmg1cVQwZXlvQW1yeHRyMDZRcFdUdXZqWHZWQlFlUXptTkRrNzlSUF91ZThxZmRhdTVFV2N0NEJPc084MTRwdk5zQlBCcFh1Zlh5Y1c5b2dNeEYwclJZcmdyNXdLWi1KalJHTk5MeWdUV05HZk1LMTVmNmZqeXRJWGxHUEtHelFBQnBHMy1HdV94WFMyVzBqMHR0VmRGYzZHRGxXT0E1MFBRdVJVZ2l2R0JMM2pzbFpFWW1YSjRrdTlWY3BlQm5HRTUxdVdQeW1Z?oc=5,2026-06-24,0.6137,0.096,0.064,0.0393
2026-06-24,KOTAKBANK.NS,Kotak Mahindra Bank,5,0.7803,16,False,426a3c47e7,Open Magazine (via gnews-rss),"Nifty Tops 24,100, Sensex Rises 291 Points on Positive Global Cues - Open Magazine. Nifty Tops 24,100, Sensex Rises 291 Points on Positive Global Cues&nbsp;&nbs",https://news.google.com/rss/articles/CBMiowFBVV95cUxOTGdVZ3RwY1pISUlsLTBsOUdiNm44ZVB6RFZMQlZrY3VaanpIclRPYWIxUUxfOGFJNnUzd2Z4ZUZleUxDRHBYMGVkYlVQNURlWGtPU3EwOHo4c0o5VlJyaEw2a2FRVVFfTWZSZUFjZFpRTDRKN1hxUHdJS0xieHRyY19sb3l5eEFhU0Q5WVhzcmQtQXB1VXJZeXZZQmxySlFCeHdj?oc=5,2026-06-22,0.835,0.063,0.042,0.0351
2026-06-24,KOTAKBANK.NS,Kotak Mahindra Bank,5,0.7803,16,False,4eae4a300c,The Economic Times (via gnews-rss),'Markets will hit all-time highs…': Kotak Mahindra’s Nilesh Shah sees strong growth - The Economic Times. 'Markets will hit all-time highs…': Kotak Mahindra’s N,https://news.google.com/rss/articles/CBMi2gFBVV95cUxNLW5oYUtkS2xBbm85RGF1QWVraURKbzFjcWtCbkFoaHM1dUxRVm1SNXh4VURHajF3cDg3Vm45RHlUSVlwaUdIQzhZYk1fWUJZVVlkOWZadzVOUjFKSklwcnlrOElYb2hrVFpNOUJKbGRQR3hDNFBvMjZ3VTBPWU0xaWllTEpUckNlem83TnBVcU9RbVBLamJnZmtpckswbC1UZmhUcXFWcHhKc2htc3pOLTZicUtEdTVxNWJOSHVlemIxenFRUTdkU2FZWHU1MmhGQlNoeFVFYkx6QdIB3wFBVV95cUxOX3hUbGswU2V2Z2hGYjZqbjFKY3JzajFUSTFYaFRoY1RocjJSRy16WGhSZ0V2RkFvODQ3N1V2R1RnODFtcUhQbjVVQ1BQOEtXSGc0QmY3SzVIYWxKNXgtSkYtUWRPRXE5OFNEZXNwajVOekduYTBCSnBkejZiY19SZEJwZUhfekhDZkVkQ0NUOXB3WVJNVVBlNTFsMHFLTlVsOTNjMklOYWZEU0NjeXRHOEVvcEpEQ3Z4TFY1MFdQNVNFeWZtOXpwR2pWS0JVejMzSWpXQzUxUzNJYy1VVVlZ?oc=5,2026-06-16,0.6699,0.0756,0.0504,0.0338
2026-06-24,KOTAKBANK.NS,Kotak Mahindra Bank,5,0.7803,16,False,7aec273631,CNBC TV18 (via gnews-rss),FIIs post strongest buying since February; DIIs turn sellers on June 19 - CNBC TV18. FIIs post strongest buying since February; DIIs turn sellers on June 19&nbs,https://news.google.com/rss/articles/CBMirwFBVV95cUxNMEhxcTFvUWNSWWJjWkJaN0xzYktDeDM1dlFybVRyOW1BMDVRUHBSbk5ocHFmeGU5cWVJQ1hTU0dEdkRENHRJYmJJampJcEhsYzRHN1hOaVpka2RBODRwcjFHTy1zYy1uOU13QVg4amhyMVhvcXAzWjlOaHJWYWxUdFdtMzJVMk5YYXEtT250d2k3TmRnX2RNT1FldGFOd3RpUlhZdUFEenZFVmcwcHNZ0gG0AUFVX3lxTE11SS1zTXpKWHFWRElFT0hWQlgxaHd3emllU0FPZ2daem52ZS1SVkNieUNwSVNuMVQ5ZVpTWlhTWVJ0RGpOVHhFcHJTYm5GVEZyLTU4TXBEdGk2OUJiV1EzbFpVRUgxSnhQUEh0djI3RWJQNV9BZTRUMkxNdDhtVlVyMlB3Y0s0bnhWYzlkcjV2MkNmeXJER2tGdXFEdWFjeDZNX2tNQVdWNDBJVWR2VDVQUFJSRQ?oc=5,2026-06-19,0.8529,0.0504,0.0336,0.0287
2026-06-24,KOTAKBANK.NS,Kotak Mahindra Bank,5,0.7803,16,False,b113432b8d,India Today (via gnews-rss),Sensex jumps nearly 800 points: Why is stock market rising today? - India Today. Sensex jumps nearly 800 points: Why is stock market rising today?&nbsp;&nbsp;In,https://news.google.com/rss/articles/CBMi8wFBVV95cUxNbFZrbEY1SW5nZjR3bGFOUVNTN0lhY095OG5RR29nSDBCUE15SzJLUXNOeFd3eVZhdFFRQnd5X2RPTFowcUtpeWpub0E1SUU4Z3NOWWRYSS1zWkNGMjhJdUZDa2I1Z3NJcDZHb2RqMnhCZm56UGQ3UUJpRFlLZzdXUlhocnpndElYUkt2cXFKWkRsbDIzczJTOGdCclFNLUdlMW84S3RkVW8wV1dsT3RNS0xPY0ZZTk1KbVJhTTg0bDRQTXJidFRjQ2o0Ri1oMlVDb0lLcE9ZYzMwdTJnZ21VRHMtX1liaTB2Vzl5aFJFY3o5UHfSAfgBQVVfeXFMT19TdDRHYjVMVmJjZ252TlAzTk5NT3U4LUlVVVMwN0FZY0JwRmdjdHY5VjNFYXM3emlBZTloMTJkMmpuRXhkT1FLQXdSMHlta2pGeW9Za2xVX2UyNzhuQ0hadm5ZOHNiYUpvWE50NTJfNjVNZVJoZ1Z1M2ZSSkY2RDNuajlqRDNIczNtWDNQRkhldnVOQ05uc0xrUXNQY3ZSZWtNSmJISTJieGxaVXlkNkoyWXRxTXNubXVWUUJGQjRxVmVfcTRZbmV3V0s0ZGtrTDdJY1RYS0ZManBWdFotLVRPZmtQVGROQ1FFTDdlZlVjaUdyT19fUlk?oc=5,2026-06-24,0.5875,0.06,0.04,0.0235
2026-06-24,KOTAKBANK.NS,Kotak Mahindra Bank,5,0.7803,16,False,e46d0fa1a1,Upstox (via gnews-rss),Shifting trends: Growing confidence of retail investors in Indian markets - Upstox. Shifting trends: Growing confidence of retail investors in Indian markets&nb,https://news.google.com/rss/articles/CBMizwFBVV95cUxNWGt2eU5aNEJOVnJIams2RGR3WTd2dXl1M05lT1puSU1SSEFPbVdsTmVxNnFiMkNNbFFNQ0lwdjNneUJ1MkJSRUhvY3g2R2kzdzdyMnFqZ0RJLXBUaGdFOUYxbktTZEdwX2lkdnhBRkdSaHJDLUJmdTMzbVU1eU5kSi0weXM3akc2QURiQkM5MVNWVnAwLWpuMmpTdVN5QS1GM25ZMzBtOXFiSUFnUERNSVFndFpRYWdOSGMtUUItd01BMUFuZTFPeEExRkNxWGM?oc=5,2026-06-21,0.8323,0.042,0.028,0.0233
2026-06-24,KOTAKBANK.NS,Kotak Mahindra Bank,5,0.7803,16,False,b90885998a,Rediff (via gnews-rss),"Stock Markets Today: Sensex, Nifty Gain As Crude Prices Fall, Buying In Blue-chips - Rediff. Stock Markets Today: Sensex, Nifty Gain As Crude Prices Fall, Buyin",https://news.google.com/rss/articles/CBMi0gFBVV95cUxNWllGSXlKdUlPWTdkTi1CbERUd3RHcFY1Q2pJaXBaU3Z0WHk0WnRoeEVxZGZycnB6ZmdfZGJCQzJNWlpPZjhnVGxHTTZaYUg1NC1KSHlRVndtXzFsbTdoWmY2NmxrdFhaX3JnOGdPOTlWeTBWNWtMZFdaOHZ6UTRQU3g0ZGczd2pPVnlRSmtBUTRtaHpmM2s2Ml9TZUxZWDl5REpEZFlQNlRsZDBsVXd2V1RHeEs0amZ2RlJFNE1qMjB3Szh2dERPZ3NEU3h0UjZrVFHSAdQBQVVfeXFMTlU0LWFYdGdWQkFsbld3a19YWHlwb1FjYXJBZzhwVElIZUJKN3JUWU5fSmw0TklSSUwwX21OWE4xdjRFZ20weFZHUFE1dzNoMG14ZGtsZlU5VlJuSlpxak5HVXFvaHg4aWxsVUlYNUZUM2tqaC0yNWo2MVB2UDdySzFKWFFYZUpPSlN5MVJnSjNFNzRTTnVyS291MFd3QzN1ck40ZVdBYzd2M253cGVTTDlRaDQtR3ZLbWhzd2FmcTF2QnFtdE5pUE1pMVUyb3R5eDdqYzQ?oc=5,2026-06-22,0.5282,0.0378,0.0252,0.0133
2026-06-24,KOTAKBANK.NS,Kotak Mahindra Bank,5,0.7803,16,False,3b4ab2c8b5,BusinessLine (via gnews-rss),"Markets rebound as global uncertainty eases; crude falls, RBI calms rate hike concerns - BusinessLine. Markets rebound as global uncertainty eases; crude falls,",https://news.google.com/rss/articles/CBMi4wFBVV95cUxPYlkwWjJUTUI2RVlsdi15cUZvY0s0d3NESmhidFpkV3hGTXZtZ3JKTHdRcFB6WW9mMDIxTEFsQnJfVXZmejczeUh4cWJObHVScW1EMFN2UTNRSWNJWjhXV05URURpMVV2WThPenpvQ2JnXzhMM3JmekNJQUVyZFhpeWxudEVkdHo2M1ZDSzZkT1Y0REFVUE01VmhZYllQWUI0aWpSdlVWbHJLYlcwdEQzaTJxZ0FKWkZNX0dRaVFkRDJiazF6M0RoZ0xtZ01waGIxX2FqX1VGa3dONExndnVkS1ZmTdIB6gFBVV95cUxQXzZkR1pHR1U1TTNnNHRrd0VpaU9rNlhnZ25JUzVnOUhRWklFY0xvRzZFZDh6TmlDOUV5b3pId3ZzN1RyLUUwTks1aEhBVDdXajdVcG9peUl6V3VyVU5zNFRvc0gzNEpQb0lnZHNnLTRYN1A5RmxwbzdBTHhyandNVi1ZNkRaZ1FyZDRZV2pTek5LQVpUS01IOFd0cXNwdmhCcEtwR0ttWTBBLTlfcGs3dWhvUVctZkxtZHdiclk0QllzMW12d2lmdFdHTzJTVXNwYTVGakRvV1ZsMF9HOUQwYUh6Y1NrQUc2Nnc?oc=5,2026-06-24,0.3483,0.048,0.032,0.0111
2026-06-24,KOTAKBANK.NS,Kotak Mahindra Bank,5,0.7803,16,False,4e23d47758,MSN (via gnews-rss),"Sensex, Nifty rebound as US-Iran deal hopes lift sentiment - MSN. Sensex, Nifty rebound as US-Iran deal hopes lift sentiment&nbsp;&nbsp;MSN",https://news.google.com/rss/articles/CBMi8AFBVV95cUxQSERRLWdTWWIxMTk4WEw1ZU9heFFOSUU1T2xkVW1hTUlfZWdhQzlfZ3hiemhqeWJSYk1SYzc0LTBXb0pBZk5LbE5Za2pBa3JHU1dGMVZ3YU83aUZNcTVlczRYdmVIZFA3NEYyVTlFbzVoNVB4RUJ5bzMyNUNGUEMyV0xmNGViZ2Z3am1yd2RYVGZCR1gtYTZTclRvTkpEQUZYTUN5TWJ6R0VJLWhkWkpMbUJBRHVteDY0T0pQXzFnRjltQXdSX1lneHE0TzdWR1BUb2oxMnhGUDZxMXI0cVNaRkppblU4YnZMTVJjaHl3b1E?oc=5,2026-06-14,0.9172,0.0119,0.0079,0.0073
2026-06-24,KOTAKBANK.NS,Kotak Mahindra Bank,5,0.7803,16,False,afee893487,MSN (via gnews-rss),Indian markets rebound as RBI steps in despite FPI outflows - MSN. Indian markets rebound as RBI steps in despite FPI outflows&nbsp;&nbsp;MSN,https://news.google.com/rss/articles/CBMi8wFBVV95cUxOZUVoZHNwbU9NQ2s4REFYV19Uak9XNHdITU4xdHZEbzdwQkZ3WnJMSUpyNGFGTDVPMDREYTM1V1FEVFpPWEh3QVhreUttaS1RaW1kQW44RlpJMmFSMHMtR1dOUWdQNGljb1FxMGJ2NW1YRWdwRzU0T2IyV3B6UFlqam1BOHBtLUI3ODJCQkRRckU4aFdtbTJvdUxfUXQxVDNod1RQVjk3V1ViNUZNMDVQRXQxaEtqNDVOLUlRM1AtZklGbkxOanRoRUlXeDJ0SVQtR3VtM3dXVFp5aXlIM09HOG1qa0l2dWM2VlhwZ2U5LVhUUUU?oc=5,2026-06-14,0.8629,0.0119,0.0079,0.0068
2026-06-24,KOTAKBANK.NS,Kotak Mahindra Bank,5,0.7803,16,False,27973a8fdd,Moneycontrol.com (via gnews-rss),"Foreign investors pump $1.84 billion into Indian bonds in June, highest in 16 months - Moneycontrol.com. Foreign investors pump $1.84 billion into Indian bonds ",https://news.google.com/rss/articles/CBMi4AFBVV95cUxPY2JaZHRUMXJkcEJnb3R2R3BPazZ5dHZ4Tno4a1BaUGhxekdXWnVsWmlSWlBfLWJ0NXZ5TEFhRW1KcjRYX09aeDdiM2psZkE2RTRxbF9sejJqZC03eUlCME5oQnZ4M285QVVLMVZySmtac05YdU0tU08xY000aEFxampwamJjX1oweEZkTndYR1RlWEF0SkgtV29KcG5zRkp0U0lnWm5mV1J4TUVWSElKQTUwRkoxOU9Kdi0zRldkVnNidGl2OUhrYkluREw3b0FoVDdfNTFfRHNQNzIzT1hHTNIB5gFBVV95cUxNdmFpRWN2NWRwaVdJOUpCc3dsbnNCWGVabDIzSWxIQU9HeFNqQ1M3bnZuZG5pUXc4QW84TUdoTktodzlVYnE3SWlrQUZCdFJ2a043T0oxWWpiN2lqV2ZrSXBhQ2dvQmhUa25ySXVwVkJFazduVWE2d2YwQWJmWEM4dmctQlF6cDlSS29XbXozQ0pHRUZfd3NfTW9RT0F3dVhnb0Jjdm55YjNGR2g1YzNDQ3lSQ1FNNTZfM2Zfdl9OZmhIVVBUZXJ0Tkk5RHpRaHllV2Vpby1XYkZ1enhzdUszLWItQ3BtUQ?oc=5,2026-06-15,0.697,0.012,0.008,0.0056
2026-06-24,KOTAKBANK.NS,Kotak Mahindra Bank,5,0.7803,16,False,f1835f3ba8,Telangana Today (via gnews-rss),Indian stock markets end lower as IT shares drag Nifty and Sensex - Telangana Today. Indian stock markets end lower as IT shares drag Nifty and Sensex&nbsp;&nbs,https://news.google.com/rss/articles/CBMilwFBVV95cUxOb0l4NkJpakwzSVN5VkppSk8zdV9GS1g0dDUxZElUcVJ5WUU1UGNxc0EwUVpNMU1mMDA5b2FjeGp2LXp6akx1NksxUEdvTS16OHI2ZktQcjNXRUFsSjdPalBGTmRSNmdxNGctRENaVU9KWk1zY0hTeGw1RXlJaG5EbmxvSFlVUUNrNk9sSlFIYmo2T2pYcm5v?oc=5,2026-06-19,-0.9598,0.0315,0.021,-0.0202
